sample_id,y_true,y_pred,split,model_id,seed,split_type
CYCPEPTMPDB_PAMPA_005509,-6.53,-6.654498100280762,test,rdkit_full_xgb,0,random
CYCPEPTMPDB_PAMPA_005855,-5.44,-5.44507360458374,test,rdkit_full_xgb,0,random
CYCPEPTMPDB_PAMPA_002244,-5.13,-5.186121940612793,test,rdkit_full_xgb,0,random
CYCPEPTMPDB_PAMPA_004000,-5.68,-5.556117534637451,test,rdkit_full_xgb,0,random
CYCPEPTMPDB_PAMPA_004501,-5.67,-5.6026225090026855,test,rdkit_full_xgb,0,random
CYCPEPTMPDB_PAMPA_003120,-4.96,-5.341632843017578,test,rdkit_full_xgb,0,random
CYCPEPTMPDB_PAMPA_002160,-5.39,-5.524540901184082,test,rdkit_full_xgb,0,random
CYCPEPTMPDB_PAMPA_007035,-5.977700281,-6.277997970581055,test,rdkit_full_xgb,0,random
CYCPEPTMPDB_PAMPA_005435,-7.16,-6.930502891540527,test,rdkit_full_xgb,0,random
CYCPEPTMPDB_PAMPA_006317,-5.07,-5.234107494354248,test,rdkit_full_xgb,0,random
CYCPEPTMPDB_PAMPA_005335,-5.93,-5.44507360458374,test,rdkit_full_xgb,0,random
CYCPEPTMPDB_PAMPA_003627,-5.67,-6.067089557647705,test,rdkit_full_xgb,0,random
CYCPEPTMPDB_PAMPA_002410,-6.28,-6.623834133148193,test,rdkit_full_xgb,0,random
CYCPEPTMPDB_PAMPA_004024,-6.32,-7.015352249145508,test,rdkit_full_xgb,0,random
CYCPEPTMPDB_PAMPA_007170,-7.04137438,-7.250205993652344,test,rdkit_full_xgb,0,random
CYCPEPTMPDB_PAMPA_001488,-5.41,-6.326408863067627,test,rdkit_full_xgb,0,random
CYCPEPTMPDB_PAMPA_001495,-4.88,-5.182607173919678,test,rdkit_full_xgb,0,random
CYCPEPTMPDB_PAMPA_005354,-6.15,-6.156463623046875,test,rdkit_full_xgb,0,random
CYCPEPTMPDB_PAMPA_002227,-5.01,-5.596550941467285,test,rdkit_full_xgb,0,random
CYCPEPTMPDB_PAMPA_000798,-4.26,-5.0867414474487305,test,rdkit_full_xgb,0,random
CYCPEPTMPDB_PAMPA_003640,-5.18,-5.552603721618652,test,rdkit_full_xgb,0,random
CYCPEPTMPDB_PAMPA_002924,-6.19,-5.2468461990356445,test,rdkit_full_xgb,0,random
CYCPEPTMPDB_PAMPA_000739,-4.22,-4.105522632598877,test,rdkit_full_xgb,0,random
CYCPEPTMPDB_PAMPA_000738,-4.6,-4.609478950500488,test,rdkit_full_xgb,0,random
CYCPEPTMPDB_PAMPA_000703,-5.52,-5.5487189292907715,test,rdkit_full_xgb,0,random
CYCPEPTMPDB_PAMPA_005840,-5.3,-5.595350742340088,test,rdkit_full_xgb,0,random
CYCPEPTMPDB_PAMPA_003915,-4.97,-5.179105281829834,test,rdkit_full_xgb,0,random
CYCPEPTMPDB_PAMPA_004676,-6.29,-5.9301934242248535,test,rdkit_full_xgb,0,random
CYCPEPTMPDB_PAMPA_000239,-4.32,-4.359044551849365,test,rdkit_full_xgb,0,random
CYCPEPTMPDB_PAMPA_001604,-6.27,-6.788243770599365,test,rdkit_full_xgb,0,random
CYCPEPTMPDB_PAMPA_003850,-5.72,-5.756163120269775,test,rdkit_full_xgb,0,random
CYCPEPTMPDB_PAMPA_001369,-7.42,-7.6246232986450195,test,rdkit_full_xgb,0,random
CYCPEPTMPDB_PAMPA_002466,-5.3,-5.257833003997803,test,rdkit_full_xgb,0,random
CYCPEPTMPDB_PAMPA_006822,-5.37,-7.104438781738281,test,rdkit_full_xgb,0,random
CYCPEPTMPDB_PAMPA_006841,-5.83,-6.036014556884766,test,rdkit_full_xgb,0,random
CYCPEPTMPDB_PAMPA_003233,-6.43,-6.296361446380615,test,rdkit_full_xgb,0,random
CYCPEPTMPDB_PAMPA_002166,-5.72,-5.691830635070801,test,rdkit_full_xgb,0,random
CYCPEPTMPDB_PAMPA_006501,-6.64,-6.620665550231934,test,rdkit_full_xgb,0,random
CYCPEPTMPDB_PAMPA_004047,-5.69,-5.644186019897461,test,rdkit_full_xgb,0,random
CYCPEPTMPDB_PAMPA_005616,-7.14,-6.930502891540527,test,rdkit_full_xgb,0,random
CYCPEPTMPDB_PAMPA_004038,-5.24,-5.453076362609863,test,rdkit_full_xgb,0,random
CYCPEPTMPDB_PAMPA_000661,-4.59,-5.029760837554932,test,rdkit_full_xgb,0,random
CYCPEPTMPDB_PAMPA_000078,-4.66,-4.742944717407227,test,rdkit_full_xgb,0,random
CYCPEPTMPDB_PAMPA_003612,-5.79,-6.574135780334473,test,rdkit_full_xgb,0,random
CYCPEPTMPDB_PAMPA_005393,-6.11,-5.6189866065979,test,rdkit_full_xgb,0,random
CYCPEPTMPDB_PAMPA_001108,-5.7,-5.619572639465332,test,rdkit_full_xgb,0,random
CYCPEPTMPDB_PAMPA_005922,-5.17,-5.571171760559082,test,rdkit_full_xgb,0,random
CYCPEPTMPDB_PAMPA_002626,-10.0,-5.997389316558838,test,rdkit_full_xgb,0,random
CYCPEPTMPDB_PAMPA_005112,-7.49,-6.611630916595459,test,rdkit_full_xgb,0,random
CYCPEPTMPDB_PAMPA_004434,-5.31,-5.581498146057129,test,rdkit_full_xgb,0,random
CYCPEPTMPDB_PAMPA_003393,-5.83,-6.296361446380615,test,rdkit_full_xgb,0,random
CYCPEPTMPDB_PAMPA_006721,-5.18,-5.794713020324707,test,rdkit_full_xgb,0,random
CYCPEPTMPDB_PAMPA_000172,-4.55,-4.664880275726318,test,rdkit_full_xgb,0,random
CYCPEPTMPDB_PAMPA_005593,-6.34,-6.156463623046875,test,rdkit_full_xgb,0,random
CYCPEPTMPDB_PAMPA_006597,-5.97,-5.8378424644470215,test,rdkit_full_xgb,0,random
CYCPEPTMPDB_PAMPA_001853,-5.68,-5.72730016708374,test,rdkit_full_xgb,0,random
CYCPEPTMPDB_PAMPA_004993,-6.17,-8.564580917358398,test,rdkit_full_xgb,0,random
CYCPEPTMPDB_PAMPA_005566,-5.13,-5.6189866065979,test,rdkit_full_xgb,0,random
CYCPEPTMPDB_PAMPA_001213,-5.82,-5.764550685882568,test,rdkit_full_xgb,0,random
CYCPEPTMPDB_PAMPA_004880,-5.33,-5.581498146057129,test,rdkit_full_xgb,0,random
CYCPEPTMPDB_PAMPA_001657,-5.02,-5.569658279418945,test,rdkit_full_xgb,0,random
CYCPEPTMPDB_PAMPA_006505,-6.04,-5.96306037902832,test,rdkit_full_xgb,0,random
CYCPEPTMPDB_PAMPA_005786,-5.51,-5.44507360458374,test,rdkit_full_xgb,0,random
CYCPEPTMPDB_PAMPA_004668,-5.5,-5.504060745239258,test,rdkit_full_xgb,0,random
CYCPEPTMPDB_PAMPA_001831,-6.14,-6.5327863693237305,test,rdkit_full_xgb,0,random
CYCPEPTMPDB_PAMPA_005537,-6.98,-6.0997538566589355,test,rdkit_full_xgb,0,random
CYCPEPTMPDB_PAMPA_000055,-4.62,-4.596949100494385,test,rdkit_full_xgb,0,random
CYCPEPTMPDB_PAMPA_006877,-5.09,-5.185999870300293,test,rdkit_full_xgb,0,random
CYCPEPTMPDB_PAMPA_002999,-5.25,-5.2468461990356445,test,rdkit_full_xgb,0,random
CYCPEPTMPDB_PAMPA_004467,-5.58,-5.647296905517578,test,rdkit_full_xgb,0,random
CYCPEPTMPDB_PAMPA_004866,-5.47,-5.581498146057129,test,rdkit_full_xgb,0,random
CYCPEPTMPDB_PAMPA_002634,-5.19,-5.997389316558838,test,rdkit_full_xgb,0,random
CYCPEPTMPDB_PAMPA_000495,-5.96,-5.239665985107422,test,rdkit_full_xgb,0,random
CYCPEPTMPDB_PAMPA_000293,-4.59,-4.5751848220825195,test,rdkit_full_xgb,0,random
CYCPEPTMPDB_PAMPA_002238,-4.87,-4.995504379272461,test,rdkit_full_xgb,0,random
CYCPEPTMPDB_PAMPA_004355,-5.41,-6.916554927825928,test,rdkit_full_xgb,0,random
CYCPEPTMPDB_PAMPA_002367,-6.43,-6.197822093963623,test,rdkit_full_xgb,0,random
CYCPEPTMPDB_PAMPA_003198,-6.04,-7.015352249145508,test,rdkit_full_xgb,0,random
CYCPEPTMPDB_PAMPA_005225,-5.8,-5.6189866065979,test,rdkit_full_xgb,0,random
CYCPEPTMPDB_PAMPA_006517,-6.44,-5.96306037902832,test,rdkit_full_xgb,0,random
CYCPEPTMPDB_PAMPA_005184,-6.1,-5.571171760559082,test,rdkit_full_xgb,0,random
CYCPEPTMPDB_PAMPA_002074,-5.63,-5.631181716918945,test,rdkit_full_xgb,0,random
CYCPEPTMPDB_PAMPA_001135,-4.9,-5.680891990661621,test,rdkit_full_xgb,0,random
CYCPEPTMPDB_PAMPA_000505,-4.8,-5.036202430725098,test,rdkit_full_xgb,0,random
CYCPEPTMPDB_PAMPA_001637,-4.85,-5.16788911819458,test,rdkit_full_xgb,0,random
CYCPEPTMPDB_PAMPA_005203,-6.13,-5.873081207275391,test,rdkit_full_xgb,0,random
CYCPEPTMPDB_PAMPA_006569,-6.66,-6.038483619689941,test,rdkit_full_xgb,0,random
CYCPEPTMPDB_PAMPA_001214,-8.12,-6.9490861892700195,test,rdkit_full_xgb,0,random
CYCPEPTMPDB_PAMPA_001525,-5.1,-5.846320152282715,test,rdkit_full_xgb,0,random
CYCPEPTMPDB_PAMPA_007083,-7.416024472,-6.377838134765625,test,rdkit_full_xgb,0,random
CYCPEPTMPDB_PAMPA_000687,-4.77,-5.062585830688477,test,rdkit_full_xgb,0,random
CYCPEPTMPDB_PAMPA_000349,-4.7,-4.685142993927002,test,rdkit_full_xgb,0,random
CYCPEPTMPDB_PAMPA_000515,-5.2,-4.9834747314453125,test,rdkit_full_xgb,0,random
CYCPEPTMPDB_PAMPA_006887,-6.89,-6.484982967376709,test,rdkit_full_xgb,0,random
CYCPEPTMPDB_PAMPA_006478,-7.12,-7.145854949951172,test,rdkit_full_xgb,0,random
CYCPEPTMPDB_PAMPA_002630,-5.49,-5.997389316558838,test,rdkit_full_xgb,0,random
CYCPEPTMPDB_PAMPA_001909,-5.25,-5.293661594390869,test,rdkit_full_xgb,0,random
CYCPEPTMPDB_PAMPA_000176,-6.19,-5.49941349029541,test,rdkit_full_xgb,0,random
CYCPEPTMPDB_PAMPA_005416,-5.33,-5.6073737144470215,test,rdkit_full_xgb,0,random
CYCPEPTMPDB_PAMPA_004723,-5.56,-5.351275444030762,test,rdkit_full_xgb,0,random
CYCPEPTMPDB_PAMPA_000590,-4.66,-4.643799304962158,test,rdkit_full_xgb,0,random
CYCPEPTMPDB_PAMPA_005437,-6.05,-6.156463623046875,test,rdkit_full_xgb,0,random
CYCPEPTMPDB_PAMPA_006581,-6.65,-5.945863246917725,test,rdkit_full_xgb,0,random
CYCPEPTMPDB_PAMPA_002568,-6.32,-6.058264255523682,test,rdkit_full_xgb,0,random
CYCPEPTMPDB_PAMPA_003388,-10.0,-7.180874824523926,test,rdkit_full_xgb,0,random
CYCPEPTMPDB_PAMPA_001936,-7.76,-6.068552494049072,test,rdkit_full_xgb,0,random
CYCPEPTMPDB_PAMPA_002230,-5.89,-5.639267921447754,test,rdkit_full_xgb,0,random
CYCPEPTMPDB_PAMPA_002165,-5.33,-5.38702917098999,test,rdkit_full_xgb,0,random
CYCPEPTMPDB_PAMPA_000557,-4.96,-4.659188747406006,test,rdkit_full_xgb,0,random
CYCPEPTMPDB_PAMPA_007143,-5.982325082,-6.8420023918151855,test,rdkit_full_xgb,0,random
CYCPEPTMPDB_PAMPA_005296,-6.3,-5.6189866065979,test,rdkit_full_xgb,0,random
CYCPEPTMPDB_PAMPA_007133,-8.221862247,-6.8420023918151855,test,rdkit_full_xgb,0,random
CYCPEPTMPDB_PAMPA_002213,-5.04,-5.016722679138184,test,rdkit_full_xgb,0,random
CYCPEPTMPDB_PAMPA_002057,-5.38,-5.291738033294678,test,rdkit_full_xgb,0,random
CYCPEPTMPDB_PAMPA_005287,-6.05,-6.0004119873046875,test,rdkit_full_xgb,0,random
CYCPEPTMPDB_PAMPA_003783,-6.6,-6.704382419586182,test,rdkit_full_xgb,0,random
CYCPEPTMPDB_PAMPA_006233,-6.51,-6.382851600646973,test,rdkit_full_xgb,0,random
CYCPEPTMPDB_PAMPA_004688,-5.65,-5.613617420196533,test,rdkit_full_xgb,0,random
CYCPEPTMPDB_PAMPA_004316,-5.42,-5.65928316116333,test,rdkit_full_xgb,0,random
CYCPEPTMPDB_PAMPA_005259,-6.84,-6.156463623046875,test,rdkit_full_xgb,0,random
CYCPEPTMPDB_PAMPA_005990,-5.15,-5.873081207275391,test,rdkit_full_xgb,0,random
CYCPEPTMPDB_PAMPA_002744,-4.74,-4.78275203704834,test,rdkit_full_xgb,0,random
CYCPEPTMPDB_PAMPA_004653,-5.63,-5.474801540374756,test,rdkit_full_xgb,0,random
CYCPEPTMPDB_PAMPA_003033,-4.87,-4.758425235748291,test,rdkit_full_xgb,0,random
CYCPEPTMPDB_PAMPA_000510,-4.64,-4.80412483215332,test,rdkit_full_xgb,0,random
CYCPEPTMPDB_PAMPA_006062,-5.57,-6.140288829803467,test,rdkit_full_xgb,0,random
CYCPEPTMPDB_PAMPA_004159,-5.28,-5.367262363433838,test,rdkit_full_xgb,0,random
CYCPEPTMPDB_PAMPA_003671,-5.47,-5.904752254486084,test,rdkit_full_xgb,0,random
CYCPEPTMPDB_PAMPA_002543,-5.53,-5.997389316558838,test,rdkit_full_xgb,0,random
CYCPEPTMPDB_PAMPA_005612,-5.83,-5.595350742340088,test,rdkit_full_xgb,0,random
CYCPEPTMPDB_PAMPA_006089,-6.31,-5.873081207275391,test,rdkit_full_xgb,0,random
CYCPEPTMPDB_PAMPA_006900,-5.89,-6.33820104598999,test,rdkit_full_xgb,0,random
CYCPEPTMPDB_PAMPA_001960,-6.22,-5.925973415374756,test,rdkit_full_xgb,0,random
CYCPEPTMPDB_PAMPA_001161,-6.57,-6.176814556121826,test,rdkit_full_xgb,0,random
CYCPEPTMPDB_PAMPA_004825,-5.3,-5.422853946685791,test,rdkit_full_xgb,0,random
CYCPEPTMPDB_PAMPA_007078,-5.539759706,-7.663024425506592,test,rdkit_full_xgb,0,random
CYCPEPTMPDB_PAMPA_003884,-6.55,-6.33746337890625,test,rdkit_full_xgb,0,random
CYCPEPTMPDB_PAMPA_000038,-4.3,-4.457629203796387,test,rdkit_full_xgb,0,random
CYCPEPTMPDB_PAMPA_004386,-6.26,-6.807577610015869,test,rdkit_full_xgb,0,random
CYCPEPTMPDB_PAMPA_002295,-4.74,-4.982776165008545,test,rdkit_full_xgb,0,random
CYCPEPTMPDB_PAMPA_001332,-8.0,-6.892306804656982,test,rdkit_full_xgb,0,random
CYCPEPTMPDB_PAMPA_004905,-5.61,-5.838998317718506,test,rdkit_full_xgb,0,random
CYCPEPTMPDB_PAMPA_000307,-5.11,-5.6413493156433105,test,rdkit_full_xgb,0,random
CYCPEPTMPDB_PAMPA_004914,-5.87,-5.948607444763184,test,rdkit_full_xgb,0,random
CYCPEPTMPDB_PAMPA_000973,-10.0,-9.972037315368652,test,rdkit_full_xgb,0,random
CYCPEPTMPDB_PAMPA_004429,-5.75,-6.056975841522217,test,rdkit_full_xgb,0,random
CYCPEPTMPDB_PAMPA_001072,-5.11,-5.299811840057373,test,rdkit_full_xgb,0,random
CYCPEPTMPDB_PAMPA_005732,-5.17,-5.44507360458374,test,rdkit_full_xgb,0,random
CYCPEPTMPDB_PAMPA_006813,-6.31,-6.099870204925537,test,rdkit_full_xgb,0,random
CYCPEPTMPDB_PAMPA_003479,-10.0,-6.0695295333862305,test,rdkit_full_xgb,0,random
CYCPEPTMPDB_PAMPA_001325,-6.12,-6.351200103759766,test,rdkit_full_xgb,0,random
CYCPEPTMPDB_PAMPA_004140,-5.91,-5.65928316116333,test,rdkit_full_xgb,0,random
CYCPEPTMPDB_PAMPA_006264,-6.01,-5.905343532562256,test,rdkit_full_xgb,0,random
CYCPEPTMPDB_PAMPA_005149,-6.7,-6.253316879272461,test,rdkit_full_xgb,0,random
CYCPEPTMPDB_PAMPA_005726,-6.17,-6.024972438812256,test,rdkit_full_xgb,0,random
CYCPEPTMPDB_PAMPA_004918,-5.56,-5.6282877922058105,test,rdkit_full_xgb,0,random
CYCPEPTMPDB_PAMPA_007157,-8.078011793,-8.168057441711426,test,rdkit_full_xgb,0,random
CYCPEPTMPDB_PAMPA_007025,-5.979379959,-6.277997970581055,test,rdkit_full_xgb,0,random
CYCPEPTMPDB_PAMPA_000351,-4.92,-4.917189121246338,test,rdkit_full_xgb,0,random
CYCPEPTMPDB_PAMPA_002777,-10.0,-7.010829925537109,test,rdkit_full_xgb,0,random
CYCPEPTMPDB_PAMPA_002360,-5.22,-5.257833003997803,test,rdkit_full_xgb,0,random
CYCPEPTMPDB_PAMPA_005146,-5.7,-6.051504611968994,test,rdkit_full_xgb,0,random
CYCPEPTMPDB_PAMPA_006595,-5.47,-5.470640182495117,test,rdkit_full_xgb,0,random
CYCPEPTMPDB_PAMPA_002017,-5.14,-5.873047828674316,test,rdkit_full_xgb,0,random
CYCPEPTMPDB_PAMPA_001271,-5.36,-5.937499046325684,test,rdkit_full_xgb,0,random
CYCPEPTMPDB_PAMPA_006679,-5.89,-5.386487007141113,test,rdkit_full_xgb,0,random
CYCPEPTMPDB_PAMPA_003571,-5.18,-6.031845569610596,test,rdkit_full_xgb,0,random
CYCPEPTMPDB_PAMPA_003018,-5.04,-5.117208480834961,test,rdkit_full_xgb,0,random
CYCPEPTMPDB_PAMPA_007096,-6.205837146,-7.663024425506592,test,rdkit_full_xgb,0,random
CYCPEPTMPDB_PAMPA_002845,-4.86,-4.758425235748291,test,rdkit_full_xgb,0,random
CYCPEPTMPDB_PAMPA_000861,-7.0,-6.976266384124756,test,rdkit_full_xgb,0,random
CYCPEPTMPDB_PAMPA_002110,-5.05,-5.344407558441162,test,rdkit_full_xgb,0,random
CYCPEPTMPDB_PAMPA_006681,-6.54,-5.6202392578125,test,rdkit_full_xgb,0,random
CYCPEPTMPDB_PAMPA_005549,-6.16,-6.156463623046875,test,rdkit_full_xgb,0,random
CYCPEPTMPDB_PAMPA_002625,-6.99,-6.117271423339844,test,rdkit_full_xgb,0,random
CYCPEPTMPDB_PAMPA_002739,-5.97,-5.492374897003174,test,rdkit_full_xgb,0,random
CYCPEPTMPDB_PAMPA_001355,-7.51,-7.306382179260254,test,rdkit_full_xgb,0,random
CYCPEPTMPDB_PAMPA_003738,-4.96,-5.507826805114746,test,rdkit_full_xgb,0,random
CYCPEPTMPDB_PAMPA_001469,-6.06,-6.560179233551025,test,rdkit_full_xgb,0,random
CYCPEPTMPDB_PAMPA_000786,-4.52,-5.24873161315918,test,rdkit_full_xgb,0,random
CYCPEPTMPDB_PAMPA_005532,-6.06,-6.0997538566589355,test,rdkit_full_xgb,0,random
CYCPEPTMPDB_PAMPA_004083,-6.3,-5.556117534637451,test,rdkit_full_xgb,0,random
CYCPEPTMPDB_PAMPA_001560,-5.64,-6.326408863067627,test,rdkit_full_xgb,0,random
CYCPEPTMPDB_PAMPA_003236,-6.38,-6.296361446380615,test,rdkit_full_xgb,0,random
CYCPEPTMPDB_PAMPA_002490,-5.22,-5.213294982910156,test,rdkit_full_xgb,0,random
CYCPEPTMPDB_PAMPA_005306,-6.25,-5.44507360458374,test,rdkit_full_xgb,0,random
CYCPEPTMPDB_PAMPA_000888,-7.0,-7.098731517791748,test,rdkit_full_xgb,0,random
CYCPEPTMPDB_PAMPA_006682,-7.22,-5.551239013671875,test,rdkit_full_xgb,0,random
CYCPEPTMPDB_PAMPA_006986,-5.516110227,-6.6356658935546875,test,rdkit_full_xgb,0,random
CYCPEPTMPDB_PAMPA_004975,-6.03,-5.783066749572754,test,rdkit_full_xgb,0,random
CYCPEPTMPDB_PAMPA_006927,-6.25,-6.243381977081299,test,rdkit_full_xgb,0,random
CYCPEPTMPDB_PAMPA_007181,-10.0,-8.168057441711426,test,rdkit_full_xgb,0,random
CYCPEPTMPDB_PAMPA_002510,-5.58,-5.349973201751709,test,rdkit_full_xgb,0,random
CYCPEPTMPDB_PAMPA_001933,-6.26,-6.816082954406738,test,rdkit_full_xgb,0,random
CYCPEPTMPDB_PAMPA_002908,-6.11,-6.554268836975098,test,rdkit_full_xgb,0,random
CYCPEPTMPDB_PAMPA_004821,-5.77,-5.635890960693359,test,rdkit_full_xgb,0,random
CYCPEPTMPDB_PAMPA_006191,-6.9,-6.156463623046875,test,rdkit_full_xgb,0,random
CYCPEPTMPDB_PAMPA_006474,-6.64,-7.145854949951172,test,rdkit_full_xgb,0,random
CYCPEPTMPDB_PAMPA_004027,-5.28,-5.602900981903076,test,rdkit_full_xgb,0,random
CYCPEPTMPDB_PAMPA_006386,-5.63,-6.035520553588867,test,rdkit_full_xgb,0,random
CYCPEPTMPDB_PAMPA_002412,-5.2,-5.616806983947754,test,rdkit_full_xgb,0,random
CYCPEPTMPDB_PAMPA_002702,-5.27,-5.388699531555176,test,rdkit_full_xgb,0,random
CYCPEPTMPDB_PAMPA_006385,-6.51,-6.350743293762207,test,rdkit_full_xgb,0,random
CYCPEPTMPDB_PAMPA_002707,-5.29,-5.349973201751709,test,rdkit_full_xgb,0,random
CYCPEPTMPDB_PAMPA_006039,-6.5,-6.930502891540527,test,rdkit_full_xgb,0,random
CYCPEPTMPDB_PAMPA_003713,-5.3,-5.284234523773193,test,rdkit_full_xgb,0,random
CYCPEPTMPDB_PAMPA_000568,-7.0,-6.915565013885498,test,rdkit_full_xgb,0,random
CYCPEPTMPDB_PAMPA_007142,-5.503891252,-6.147116184234619,test,rdkit_full_xgb,0,random
CYCPEPTMPDB_PAMPA_004155,-5.8,-6.123091697692871,test,rdkit_full_xgb,0,random
CYCPEPTMPDB_PAMPA_004181,-6.09,-5.719532012939453,test,rdkit_full_xgb,0,random
CYCPEPTMPDB_PAMPA_004766,-5.32,-5.53221321105957,test,rdkit_full_xgb,0,random
CYCPEPTMPDB_PAMPA_005130,-5.39,-6.878546714782715,test,rdkit_full_xgb,0,random
CYCPEPTMPDB_PAMPA_004343,-5.99,-6.1265435218811035,test,rdkit_full_xgb,0,random
CYCPEPTMPDB_PAMPA_004619,-5.58,-5.96703577041626,test,rdkit_full_xgb,0,random
CYCPEPTMPDB_PAMPA_003335,-5.75,-6.751588344573975,test,rdkit_full_xgb,0,random
CYCPEPTMPDB_PAMPA_006580,-6.85,-6.09194803237915,test,rdkit_full_xgb,0,random
CYCPEPTMPDB_PAMPA_002419,-5.95,-6.196269512176514,test,rdkit_full_xgb,0,random
CYCPEPTMPDB_PAMPA_001122,-6.05,-5.797140121459961,test,rdkit_full_xgb,0,random
CYCPEPTMPDB_PAMPA_004682,-5.74,-5.658100128173828,test,rdkit_full_xgb,0,random
CYCPEPTMPDB_PAMPA_006170,-6.57,-6.024972438812256,test,rdkit_full_xgb,0,random
CYCPEPTMPDB_PAMPA_005654,-5.75,-6.0004119873046875,test,rdkit_full_xgb,0,random
CYCPEPTMPDB_PAMPA_001004,-6.55,-5.555374622344971,test,rdkit_full_xgb,0,random
CYCPEPTMPDB_PAMPA_005336,-6.86,-6.930502891540527,test,rdkit_full_xgb,0,random
CYCPEPTMPDB_PAMPA_003039,-5.09,-5.304436683654785,test,rdkit_full_xgb,0,random
CYCPEPTMPDB_PAMPA_004616,-5.55,-5.737487316131592,test,rdkit_full_xgb,0,random
CYCPEPTMPDB_PAMPA_001571,-5.45,-5.046285152435303,test,rdkit_full_xgb,0,random
CYCPEPTMPDB_PAMPA_006960,-6.4,-5.761207580566406,test,rdkit_full_xgb,0,random
CYCPEPTMPDB_PAMPA_006167,-5.92,-6.140288829803467,test,rdkit_full_xgb,0,random
CYCPEPTMPDB_PAMPA_000014,-6.52,-6.780679702758789,test,rdkit_full_xgb,0,random
CYCPEPTMPDB_PAMPA_000399,-5.54,-5.687894821166992,test,rdkit_full_xgb,0,random
CYCPEPTMPDB_PAMPA_005396,-5.36,-5.6189866065979,test,rdkit_full_xgb,0,random
CYCPEPTMPDB_PAMPA_004297,-5.71,-5.759355545043945,test,rdkit_full_xgb,0,random
CYCPEPTMPDB_PAMPA_000098,-4.55,-4.684676647186279,test,rdkit_full_xgb,0,random
CYCPEPTMPDB_PAMPA_002131,-5.26,-5.171211242675781,test,rdkit_full_xgb,0,random
CYCPEPTMPDB_PAMPA_000647,-4.46,-4.614491939544678,test,rdkit_full_xgb,0,random
CYCPEPTMPDB_PAMPA_003081,-5.97,-5.53221321105957,test,rdkit_full_xgb,0,random
CYCPEPTMPDB_PAMPA_004197,-5.81,-5.7815775871276855,test,rdkit_full_xgb,0,random
CYCPEPTMPDB_PAMPA_003102,-4.98,-5.179105281829834,test,rdkit_full_xgb,0,random
CYCPEPTMPDB_PAMPA_006367,-5.96,-5.609110355377197,test,rdkit_full_xgb,0,random
CYCPEPTMPDB_PAMPA_001101,-5.23,-5.747315406799316,test,rdkit_full_xgb,0,random
CYCPEPTMPDB_PAMPA_000165,-4.74,-4.727217197418213,test,rdkit_full_xgb,0,random
CYCPEPTMPDB_PAMPA_005074,-5.7,-6.916554927825928,test,rdkit_full_xgb,0,random
CYCPEPTMPDB_PAMPA_006435,-5.09,-5.151552200317383,test,rdkit_full_xgb,0,random
CYCPEPTMPDB_PAMPA_000330,-5.4,-5.072094917297363,test,rdkit_full_xgb,0,random
CYCPEPTMPDB_PAMPA_002307,-5.89,-5.383640289306641,test,rdkit_full_xgb,0,random
CYCPEPTMPDB_PAMPA_002955,-5.95,-7.010829925537109,test,rdkit_full_xgb,0,random
CYCPEPTMPDB_PAMPA_004939,-5.83,-6.296361446380615,test,rdkit_full_xgb,0,random
CYCPEPTMPDB_PAMPA_005631,-5.87,-5.873081207275391,test,rdkit_full_xgb,0,random
CYCPEPTMPDB_PAMPA_002197,-5.21,-5.22520112991333,test,rdkit_full_xgb,0,random
CYCPEPTMPDB_PAMPA_006715,-6.37,-7.4210991859436035,test,rdkit_full_xgb,0,random
CYCPEPTMPDB_PAMPA_002654,-5.47,-6.064405918121338,test,rdkit_full_xgb,0,random
CYCPEPTMPDB_PAMPA_000280,-4.82,-4.744160175323486,test,rdkit_full_xgb,0,random
CYCPEPTMPDB_PAMPA_005124,-7.63,-6.773015975952148,test,rdkit_full_xgb,0,random
CYCPEPTMPDB_PAMPA_002609,-6.03,-6.196269512176514,test,rdkit_full_xgb,0,random
CYCPEPTMPDB_PAMPA_001809,-5.16,-4.849793910980225,test,rdkit_full_xgb,0,random
CYCPEPTMPDB_PAMPA_001714,-5.7,-5.63322114944458,test,rdkit_full_xgb,0,random
CYCPEPTMPDB_PAMPA_007041,-5.745231617,-6.277997970581055,test,rdkit_full_xgb,0,random
CYCPEPTMPDB_PAMPA_006656,-5.66,-5.888514041900635,test,rdkit_full_xgb,0,random
CYCPEPTMPDB_PAMPA_007245,-6.073794549,-7.94639778137207,test,rdkit_full_xgb,0,random
CYCPEPTMPDB_PAMPA_001638,-5.11,-5.11463737487793,test,rdkit_full_xgb,0,random
CYCPEPTMPDB_PAMPA_001943,-5.69,-6.543869972229004,test,rdkit_full_xgb,0,random
CYCPEPTMPDB_PAMPA_004544,-5.87,-5.8168792724609375,test,rdkit_full_xgb,0,random
CYCPEPTMPDB_PAMPA_006785,-5.46,-6.253291130065918,test,rdkit_full_xgb,0,random
CYCPEPTMPDB_PAMPA_006373,-5.28,-5.36540412902832,test,rdkit_full_xgb,0,random
CYCPEPTMPDB_PAMPA_006957,-6.4,-5.824554920196533,test,rdkit_full_xgb,0,random
CYCPEPTMPDB_PAMPA_004356,-5.54,-6.724299430847168,test,rdkit_full_xgb,0,random
CYCPEPTMPDB_PAMPA_005202,-5.87,-5.873081207275391,test,rdkit_full_xgb,0,random
CYCPEPTMPDB_PAMPA_005391,-6.92,-5.6189866065979,test,rdkit_full_xgb,0,random
CYCPEPTMPDB_PAMPA_000051,-4.38,-4.423789978027344,test,rdkit_full_xgb,0,random
CYCPEPTMPDB_PAMPA_004774,-5.77,-5.887458801269531,test,rdkit_full_xgb,0,random
CYCPEPTMPDB_PAMPA_004059,-10.0,-7.180874824523926,test,rdkit_full_xgb,0,random
CYCPEPTMPDB_PAMPA_001310,-8.51,-7.61319637298584,test,rdkit_full_xgb,0,random
CYCPEPTMPDB_PAMPA_006286,-5.87,-5.646599292755127,test,rdkit_full_xgb,0,random
CYCPEPTMPDB_PAMPA_005310,-6.64,-5.6073737144470215,test,rdkit_full_xgb,0,random
CYCPEPTMPDB_PAMPA_006607,-5.54,-5.799912452697754,test,rdkit_full_xgb,0,random
CYCPEPTMPDB_PAMPA_004418,-5.51,-5.6026225090026855,test,rdkit_full_xgb,0,random
CYCPEPTMPDB_PAMPA_000373,-4.82,-4.836444854736328,test,rdkit_full_xgb,0,random
CYCPEPTMPDB_PAMPA_002979,-5.9,-6.896130084991455,test,rdkit_full_xgb,0,random
CYCPEPTMPDB_PAMPA_005039,-5.77,-6.021754264831543,test,rdkit_full_xgb,0,random
CYCPEPTMPDB_PAMPA_003228,-10.0,-7.180874824523926,test,rdkit_full_xgb,0,random
CYCPEPTMPDB_PAMPA_003040,-5.26,-7.059840202331543,test,rdkit_full_xgb,0,random
CYCPEPTMPDB_PAMPA_000378,-4.66,-4.697322368621826,test,rdkit_full_xgb,0,random
CYCPEPTMPDB_PAMPA_002192,-6.62,-6.133756160736084,test,rdkit_full_xgb,0,random
CYCPEPTMPDB_PAMPA_002442,-7.12,-6.738806247711182,test,rdkit_full_xgb,0,random
CYCPEPTMPDB_PAMPA_003690,-6.94,-6.166075706481934,test,rdkit_full_xgb,0,random
CYCPEPTMPDB_PAMPA_003196,-6.89,-7.481184005737305,test,rdkit_full_xgb,0,random
CYCPEPTMPDB_PAMPA_000722,-4.34,-5.205787181854248,test,rdkit_full_xgb,0,random
CYCPEPTMPDB_PAMPA_002357,-6.15,-6.117271423339844,test,rdkit_full_xgb,0,random
CYCPEPTMPDB_PAMPA_004497,-5.77,-5.9301934242248535,test,rdkit_full_xgb,0,random
CYCPEPTMPDB_PAMPA_002169,-6.02,-5.795568466186523,test,rdkit_full_xgb,0,random
CYCPEPTMPDB_PAMPA_001485,-4.87,-5.031862258911133,test,rdkit_full_xgb,0,random
CYCPEPTMPDB_PAMPA_002758,-5.44,-7.567176818847656,test,rdkit_full_xgb,0,random
CYCPEPTMPDB_PAMPA_006246,-5.67,-5.6189866065979,test,rdkit_full_xgb,0,random
CYCPEPTMPDB_PAMPA_004102,-6.13,-6.0863494873046875,test,rdkit_full_xgb,0,random
CYCPEPTMPDB_PAMPA_001778,-6.92,-6.378289699554443,test,rdkit_full_xgb,0,random
CYCPEPTMPDB_PAMPA_004007,-5.86,-5.963783264160156,test,rdkit_full_xgb,0,random
CYCPEPTMPDB_PAMPA_007291,-6.408935393,-5.982913970947266,test,rdkit_full_xgb,0,random
CYCPEPTMPDB_PAMPA_002691,-5.2,-5.471794605255127,test,rdkit_full_xgb,0,random
CYCPEPTMPDB_PAMPA_005666,-6.47,-6.382851600646973,test,rdkit_full_xgb,0,random
CYCPEPTMPDB_PAMPA_004174,-5.17,-6.916554927825928,test,rdkit_full_xgb,0,random
CYCPEPTMPDB_PAMPA_001314,-5.83,-6.330615520477295,test,rdkit_full_xgb,0,random
CYCPEPTMPDB_PAMPA_000524,-4.55,-4.333702087402344,test,rdkit_full_xgb,0,random
CYCPEPTMPDB_PAMPA_001465,-5.93,-6.113537788391113,test,rdkit_full_xgb,0,random
CYCPEPTMPDB_PAMPA_001046,-4.89,-5.415998458862305,test,rdkit_full_xgb,0,random
CYCPEPTMPDB_PAMPA_004312,-5.88,-6.704382419586182,test,rdkit_full_xgb,0,random
CYCPEPTMPDB_PAMPA_006031,-5.1,-5.6189866065979,test,rdkit_full_xgb,0,random
CYCPEPTMPDB_PAMPA_001614,-6.37,-6.410078048706055,test,rdkit_full_xgb,0,random
CYCPEPTMPDB_PAMPA_005507,-6.59,-5.6189866065979,test,rdkit_full_xgb,0,random
CYCPEPTMPDB_PAMPA_002643,-6.27,-6.064405918121338,test,rdkit_full_xgb,0,random
CYCPEPTMPDB_PAMPA_002152,-5.47,-5.511077404022217,test,rdkit_full_xgb,0,random
CYCPEPTMPDB_PAMPA_001880,-10.0,-8.741559982299805,test,rdkit_full_xgb,0,random
CYCPEPTMPDB_PAMPA_001232,-5.31,-5.565084457397461,test,rdkit_full_xgb,0,random
CYCPEPTMPDB_PAMPA_004422,-5.32,-5.581498146057129,test,rdkit_full_xgb,0,random
CYCPEPTMPDB_PAMPA_000596,-4.47,-4.803379535675049,test,rdkit_full_xgb,0,random
CYCPEPTMPDB_PAMPA_004274,-5.61,-5.719532012939453,test,rdkit_full_xgb,0,random
CYCPEPTMPDB_PAMPA_006295,-6.37,-5.646599292755127,test,rdkit_full_xgb,0,random
CYCPEPTMPDB_PAMPA_003234,-6.54,-6.296361446380615,test,rdkit_full_xgb,0,random
CYCPEPTMPDB_PAMPA_003752,-5.89,-5.719532012939453,test,rdkit_full_xgb,0,random
CYCPEPTMPDB_PAMPA_005622,-5.3,-5.873081207275391,test,rdkit_full_xgb,0,random
CYCPEPTMPDB_PAMPA_006445,-5.01,-5.291410446166992,test,rdkit_full_xgb,0,random
CYCPEPTMPDB_PAMPA_004313,-6.31,-6.704382419586182,test,rdkit_full_xgb,0,random
CYCPEPTMPDB_PAMPA_002111,-5.41,-5.475429534912109,test,rdkit_full_xgb,0,random
CYCPEPTMPDB_PAMPA_002706,-5.54,-6.139332294464111,test,rdkit_full_xgb,0,random
CYCPEPTMPDB_PAMPA_005465,-5.7,-6.382851600646973,test,rdkit_full_xgb,0,random
CYCPEPTMPDB_PAMPA_004519,-5.33,-5.456999778747559,test,rdkit_full_xgb,0,random
CYCPEPTMPDB_PAMPA_003600,-6.33,-6.021754264831543,test,rdkit_full_xgb,0,random
CYCPEPTMPDB_PAMPA_001268,-7.1,-6.3613762855529785,test,rdkit_full_xgb,0,random
CYCPEPTMPDB_PAMPA_004053,-6.09,-6.237281799316406,test,rdkit_full_xgb,0,random
CYCPEPTMPDB_PAMPA_002232,-5.39,-5.596550941467285,test,rdkit_full_xgb,0,random
CYCPEPTMPDB_PAMPA_007238,-9.023709081,-7.494072437286377,test,rdkit_full_xgb,0,random
CYCPEPTMPDB_PAMPA_001928,-6.59,-5.813270568847656,test,rdkit_full_xgb,0,random
CYCPEPTMPDB_PAMPA_002092,-5.92,-5.873047828674316,test,rdkit_full_xgb,0,random
CYCPEPTMPDB_PAMPA_004238,-5.33,-5.367262363433838,test,rdkit_full_xgb,0,random
CYCPEPTMPDB_PAMPA_006540,-5.1,-5.24884033203125,test,rdkit_full_xgb,0,random
CYCPEPTMPDB_PAMPA_003787,-5.63,-6.166075706481934,test,rdkit_full_xgb,0,random
CYCPEPTMPDB_PAMPA_001404,-5.64,-6.263504981994629,test,rdkit_full_xgb,0,random
CYCPEPTMPDB_PAMPA_005242,-6.06,-6.654498100280762,test,rdkit_full_xgb,0,random
CYCPEPTMPDB_PAMPA_006951,-5.34,-5.82966423034668,test,rdkit_full_xgb,0,random
CYCPEPTMPDB_PAMPA_004114,-10.0,-5.951809883117676,test,rdkit_full_xgb,0,random
CYCPEPTMPDB_PAMPA_003887,-5.81,-5.53221321105957,test,rdkit_full_xgb,0,random
CYCPEPTMPDB_PAMPA_003704,-5.07,-5.367262363433838,test,rdkit_full_xgb,0,random
CYCPEPTMPDB_PAMPA_005390,-6.88,-6.024972438812256,test,rdkit_full_xgb,0,random
CYCPEPTMPDB_PAMPA_000389,-4.59,-4.598130226135254,test,rdkit_full_xgb,0,random
CYCPEPTMPDB_PAMPA_003935,-4.96,-5.092341423034668,test,rdkit_full_xgb,0,random
CYCPEPTMPDB_PAMPA_006263,-6.77,-6.867804050445557,test,rdkit_full_xgb,0,random
CYCPEPTMPDB_PAMPA_006796,-5.59,-5.892317295074463,test,rdkit_full_xgb,0,random
CYCPEPTMPDB_PAMPA_000464,-5.18,-5.5908589363098145,test,rdkit_full_xgb,0,random
CYCPEPTMPDB_PAMPA_003763,-6.03,-5.801376819610596,test,rdkit_full_xgb,0,random
CYCPEPTMPDB_PAMPA_001724,-6.36,-6.475485801696777,test,rdkit_full_xgb,0,random
CYCPEPTMPDB_PAMPA_007131,-7.220442271,-6.8420023918151855,test,rdkit_full_xgb,0,random
CYCPEPTMPDB_PAMPA_006823,-5.46,-5.697830677032471,test,rdkit_full_xgb,0,random
CYCPEPTMPDB_PAMPA_006260,-6.81,-6.867804050445557,test,rdkit_full_xgb,0,random
CYCPEPTMPDB_PAMPA_004988,-5.26,-5.783066749572754,test,rdkit_full_xgb,0,random
CYCPEPTMPDB_PAMPA_001689,-6.34,-6.225966930389404,test,rdkit_full_xgb,0,random
CYCPEPTMPDB_PAMPA_001918,-5.63,-6.142498016357422,test,rdkit_full_xgb,0,random
CYCPEPTMPDB_PAMPA_004035,-10.0,-6.537211894989014,test,rdkit_full_xgb,0,random
CYCPEPTMPDB_PAMPA_000617,-4.6,-4.806789875030518,test,rdkit_full_xgb,0,random
CYCPEPTMPDB_PAMPA_000620,-4.89,-4.568991184234619,test,rdkit_full_xgb,0,random
CYCPEPTMPDB_PAMPA_000610,-4.54,-4.817386150360107,test,rdkit_full_xgb,0,random
CYCPEPTMPDB_PAMPA_005293,-9.0,-6.654498100280762,test,rdkit_full_xgb,0,random
CYCPEPTMPDB_PAMPA_000498,-5.17,-5.7729315757751465,test,rdkit_full_xgb,0,random
CYCPEPTMPDB_PAMPA_005553,-6.01,-6.156463623046875,test,rdkit_full_xgb,0,random
CYCPEPTMPDB_PAMPA_005725,-7.22,-6.654498100280762,test,rdkit_full_xgb,0,random
CYCPEPTMPDB_PAMPA_000630,-4.54,-4.595160484313965,test,rdkit_full_xgb,0,random
CYCPEPTMPDB_PAMPA_004156,-6.22,-5.367262363433838,test,rdkit_full_xgb,0,random
CYCPEPTMPDB_PAMPA_000202,-4.48,-4.690267562866211,test,rdkit_full_xgb,0,random
CYCPEPTMPDB_PAMPA_003741,-6.26,-8.578837394714355,test,rdkit_full_xgb,0,random
CYCPEPTMPDB_PAMPA_002473,-5.32,-5.257833003997803,test,rdkit_full_xgb,0,random
CYCPEPTMPDB_PAMPA_000159,-4.32,-4.530371189117432,test,rdkit_full_xgb,0,random
CYCPEPTMPDB_PAMPA_000622,-4.64,-4.416618347167969,test,rdkit_full_xgb,0,random
CYCPEPTMPDB_PAMPA_000224,-4.42,-4.46841287612915,test,rdkit_full_xgb,0,random
CYCPEPTMPDB_PAMPA_002436,-5.67,-6.738806247711182,test,rdkit_full_xgb,0,random
CYCPEPTMPDB_PAMPA_003809,-5.21,-5.367262363433838,test,rdkit_full_xgb,0,random
CYCPEPTMPDB_PAMPA_002358,-5.41,-6.064405918121338,test,rdkit_full_xgb,0,random
CYCPEPTMPDB_PAMPA_003141,-6.12,-8.58134937286377,test,rdkit_full_xgb,0,random
CYCPEPTMPDB_PAMPA_000532,-4.57,-4.592015743255615,test,rdkit_full_xgb,0,random
CYCPEPTMPDB_PAMPA_005925,-5.66,-5.595350742340088,test,rdkit_full_xgb,0,random
CYCPEPTMPDB_PAMPA_003566,-5.27,-5.7815775871276855,test,rdkit_full_xgb,0,random
CYCPEPTMPDB_PAMPA_003946,-5.29,-5.341632843017578,test,rdkit_full_xgb,0,random
CYCPEPTMPDB_PAMPA_005961,-5.53,-5.6073737144470215,test,rdkit_full_xgb,0,random
CYCPEPTMPDB_PAMPA_006149,-6.41,-5.873081207275391,test,rdkit_full_xgb,0,random
CYCPEPTMPDB_PAMPA_005717,-6.18,-5.571171760559082,test,rdkit_full_xgb,0,random
CYCPEPTMPDB_PAMPA_006748,-6.55,-5.90082311630249,test,rdkit_full_xgb,0,random
CYCPEPTMPDB_PAMPA_000048,-4.59,-4.6126790046691895,test,rdkit_full_xgb,0,random
CYCPEPTMPDB_PAMPA_001029,-8.0,-8.237627029418945,test,rdkit_full_xgb,0,random
CYCPEPTMPDB_PAMPA_003556,-5.95,-5.801376819610596,test,rdkit_full_xgb,0,random
CYCPEPTMPDB_PAMPA_006128,-5.46,-5.6189866065979,test,rdkit_full_xgb,0,random
CYCPEPTMPDB_PAMPA_005514,-5.18,-5.44507360458374,test,rdkit_full_xgb,0,random
CYCPEPTMPDB_PAMPA_005722,-6.63,-6.121795654296875,test,rdkit_full_xgb,0,random
CYCPEPTMPDB_PAMPA_004417,-5.33,-5.6026225090026855,test,rdkit_full_xgb,0,random
CYCPEPTMPDB_PAMPA_007060,-10.0,-7.663024425506592,test,rdkit_full_xgb,0,random
CYCPEPTMPDB_PAMPA_005867,-6.5,-6.654498100280762,test,rdkit_full_xgb,0,random
CYCPEPTMPDB_PAMPA_000776,-4.27,-4.738092422485352,test,rdkit_full_xgb,0,random
CYCPEPTMPDB_PAMPA_001419,-5.23,-5.481447219848633,test,rdkit_full_xgb,0,random
CYCPEPTMPDB_PAMPA_003407,-5.3,-6.296361446380615,test,rdkit_full_xgb,0,random
CYCPEPTMPDB_PAMPA_003810,-5.3,-5.367262363433838,test,rdkit_full_xgb,0,random
CYCPEPTMPDB_PAMPA_002826,-5.55,-5.492374897003174,test,rdkit_full_xgb,0,random
CYCPEPTMPDB_PAMPA_004873,-5.42,-5.581498146057129,test,rdkit_full_xgb,0,random
CYCPEPTMPDB_PAMPA_007058,-8.522763705,-7.663024425506592,test,rdkit_full_xgb,0,random
CYCPEPTMPDB_PAMPA_006916,-6.29,-6.184651851654053,test,rdkit_full_xgb,0,random
CYCPEPTMPDB_PAMPA_006716,-5.58,-6.199934482574463,test,rdkit_full_xgb,0,random
CYCPEPTMPDB_PAMPA_001669,-5.06,-5.846320152282715,test,rdkit_full_xgb,0,random
CYCPEPTMPDB_PAMPA_005053,-10.0,-6.574135780334473,test,rdkit_full_xgb,0,random
CYCPEPTMPDB_PAMPA_000804,-4.29,-5.181184768676758,test,rdkit_full_xgb,0,random
CYCPEPTMPDB_PAMPA_002308,-5.24,-5.0458083152771,test,rdkit_full_xgb,0,random
CYCPEPTMPDB_PAMPA_004366,-6.53,-6.724299430847168,test,rdkit_full_xgb,0,random
CYCPEPTMPDB_PAMPA_006452,-4.88,-5.432331562042236,test,rdkit_full_xgb,0,random
CYCPEPTMPDB_PAMPA_006551,-5.94,-5.303379058837891,test,rdkit_full_xgb,0,random
CYCPEPTMPDB_PAMPA_006724,-5.31,-6.46066427230835,test,rdkit_full_xgb,0,random
CYCPEPTMPDB_PAMPA_005196,-6.24,-6.156463623046875,test,rdkit_full_xgb,0,random
CYCPEPTMPDB_PAMPA_003256,-5.78,-6.751588344573975,test,rdkit_full_xgb,0,random
CYCPEPTMPDB_PAMPA_006110,-7.24,-6.156463623046875,test,rdkit_full_xgb,0,random
CYCPEPTMPDB_PAMPA_000421,-4.43,-4.469443321228027,test,rdkit_full_xgb,0,random
CYCPEPTMPDB_PAMPA_006313,-6.01,-5.210929870605469,test,rdkit_full_xgb,0,random
CYCPEPTMPDB_PAMPA_006639,-5.36,-5.601681232452393,test,rdkit_full_xgb,0,random
CYCPEPTMPDB_PAMPA_001207,-6.98,-6.953377723693848,test,rdkit_full_xgb,0,random
CYCPEPTMPDB_PAMPA_000773,-5.1,-4.543282985687256,test,rdkit_full_xgb,0,random
CYCPEPTMPDB_PAMPA_005519,-5.6,-5.6189866065979,test,rdkit_full_xgb,0,random
CYCPEPTMPDB_PAMPA_004490,-5.76,-5.835024356842041,test,rdkit_full_xgb,0,random
CYCPEPTMPDB_PAMPA_006140,-5.51,-5.6189866065979,test,rdkit_full_xgb,0,random
CYCPEPTMPDB_PAMPA_006804,-5.5,-6.171049118041992,test,rdkit_full_xgb,0,random
CYCPEPTMPDB_PAMPA_000987,-5.89,-5.82966423034668,test,rdkit_full_xgb,0,random
CYCPEPTMPDB_PAMPA_003533,-5.68,-5.552603721618652,test,rdkit_full_xgb,0,random
CYCPEPTMPDB_PAMPA_006302,-6.06,-5.259239673614502,test,rdkit_full_xgb,0,random
CYCPEPTMPDB_PAMPA_002942,-4.87,-4.78275203704834,test,rdkit_full_xgb,0,random
CYCPEPTMPDB_PAMPA_002114,-5.67,-5.344407558441162,test,rdkit_full_xgb,0,random
CYCPEPTMPDB_PAMPA_002067,-5.13,-5.524540901184082,test,rdkit_full_xgb,0,random
CYCPEPTMPDB_PAMPA_004232,-5.32,-5.65928316116333,test,rdkit_full_xgb,0,random
CYCPEPTMPDB_PAMPA_004498,-5.74,-5.9301934242248535,test,rdkit_full_xgb,0,random
CYCPEPTMPDB_PAMPA_003898,-5.07,-5.53221321105957,test,rdkit_full_xgb,0,random
CYCPEPTMPDB_PAMPA_007199,-7.045994881,-8.168057441711426,test,rdkit_full_xgb,0,random
CYCPEPTMPDB_PAMPA_003448,-10.0,-6.140939235687256,test,rdkit_full_xgb,0,random
CYCPEPTMPDB_PAMPA_000158,-4.66,-4.593631267547607,test,rdkit_full_xgb,0,random
CYCPEPTMPDB_PAMPA_004213,-5.63,-6.260326385498047,test,rdkit_full_xgb,0,random
CYCPEPTMPDB_PAMPA_007265,-5.675508811,-6.400148391723633,test,rdkit_full_xgb,0,random
CYCPEPTMPDB_PAMPA_006158,-7.82,-6.930502891540527,test,rdkit_full_xgb,0,random
CYCPEPTMPDB_PAMPA_006636,-5.96,-6.1946916580200195,test,rdkit_full_xgb,0,random
CYCPEPTMPDB_PAMPA_003770,-10.0,-7.585404872894287,test,rdkit_full_xgb,0,random
CYCPEPTMPDB_PAMPA_006959,-5.96,-5.762091159820557,test,rdkit_full_xgb,0,random
CYCPEPTMPDB_PAMPA_006203,-5.78,-5.873081207275391,test,rdkit_full_xgb,0,random
CYCPEPTMPDB_PAMPA_001589,-5.67,-5.39389705657959,test,rdkit_full_xgb,0,random
CYCPEPTMPDB_PAMPA_004089,-6.23,-6.751588344573975,test,rdkit_full_xgb,0,random
CYCPEPTMPDB_PAMPA_003559,-6.45,-6.945895671844482,test,rdkit_full_xgb,0,random
CYCPEPTMPDB_PAMPA_007145,-7.493385185,-8.168057441711426,test,rdkit_full_xgb,0,random
CYCPEPTMPDB_PAMPA_002365,-5.41,-5.489979267120361,test,rdkit_full_xgb,0,random
CYCPEPTMPDB_PAMPA_002907,-5.06,-6.554268836975098,test,rdkit_full_xgb,0,random
CYCPEPTMPDB_PAMPA_004876,-5.37,-5.456999778747559,test,rdkit_full_xgb,0,random
CYCPEPTMPDB_PAMPA_003277,-6.99,-7.481184005737305,test,rdkit_full_xgb,0,random
CYCPEPTMPDB_PAMPA_006660,-5.58,-5.70331335067749,test,rdkit_full_xgb,0,random
CYCPEPTMPDB_PAMPA_004345,-6.21,-6.574135780334473,test,rdkit_full_xgb,0,random
CYCPEPTMPDB_PAMPA_007141,-10.0,-6.8420023918151855,test,rdkit_full_xgb,0,random
CYCPEPTMPDB_PAMPA_002459,-6.63,-6.058264255523682,test,rdkit_full_xgb,0,random
CYCPEPTMPDB_PAMPA_005720,-8.7,-6.654498100280762,test,rdkit_full_xgb,0,random
CYCPEPTMPDB_PAMPA_005309,-6.74,-6.382851600646973,test,rdkit_full_xgb,0,random
CYCPEPTMPDB_PAMPA_003381,-5.85,-6.237281799316406,test,rdkit_full_xgb,0,random
CYCPEPTMPDB_PAMPA_004397,-5.77,-5.9301934242248535,test,rdkit_full_xgb,0,random
CYCPEPTMPDB_PAMPA_003293,-5.79,-5.591588497161865,test,rdkit_full_xgb,0,random
CYCPEPTMPDB_PAMPA_001747,-6.4,-5.154440879821777,test,rdkit_full_xgb,0,random
CYCPEPTMPDB_PAMPA_002561,-5.62,-6.276283264160156,test,rdkit_full_xgb,0,random
CYCPEPTMPDB_PAMPA_006351,-6.15,-6.350743293762207,test,rdkit_full_xgb,0,random
CYCPEPTMPDB_PAMPA_000229,-4.51,-4.481818199157715,test,rdkit_full_xgb,0,random
CYCPEPTMPDB_PAMPA_004536,-5.37,-5.456999778747559,test,rdkit_full_xgb,0,random
CYCPEPTMPDB_PAMPA_001083,-6.49,-6.1258015632629395,test,rdkit_full_xgb,0,random
CYCPEPTMPDB_PAMPA_000394,-5.85,-6.07149076461792,test,rdkit_full_xgb,0,random
CYCPEPTMPDB_PAMPA_004224,-5.79,-5.65928316116333,test,rdkit_full_xgb,0,random
CYCPEPTMPDB_PAMPA_002306,-6.23,-5.186121940612793,test,rdkit_full_xgb,0,random
CYCPEPTMPDB_PAMPA_006649,-5.92,-6.041077136993408,test,rdkit_full_xgb,0,random
CYCPEPTMPDB_PAMPA_004214,-6.01,-6.704382419586182,test,rdkit_full_xgb,0,random
CYCPEPTMPDB_PAMPA_006646,-5.53,-5.773299217224121,test,rdkit_full_xgb,0,random
CYCPEPTMPDB_PAMPA_002501,-5.93,-6.623834133148193,test,rdkit_full_xgb,0,random
CYCPEPTMPDB_PAMPA_002602,-5.08,-5.616806983947754,test,rdkit_full_xgb,0,random
CYCPEPTMPDB_PAMPA_002872,-4.77,-4.683166027069092,test,rdkit_full_xgb,0,random
CYCPEPTMPDB_PAMPA_001575,-5.15,-5.606121063232422,test,rdkit_full_xgb,0,random
CYCPEPTMPDB_PAMPA_005034,-10.0,-8.564580917358398,test,rdkit_full_xgb,0,random
CYCPEPTMPDB_PAMPA_003287,-6.23,-7.015352249145508,test,rdkit_full_xgb,0,random
CYCPEPTMPDB_PAMPA_007119,-7.154081504,-6.8420023918151855,test,rdkit_full_xgb,0,random
CYCPEPTMPDB_PAMPA_006324,-5.09,-5.120978832244873,test,rdkit_full_xgb,0,random
CYCPEPTMPDB_PAMPA_004596,-5.18,-5.53221321105957,test,rdkit_full_xgb,0,random
CYCPEPTMPDB_PAMPA_004077,-5.72,-5.556117534637451,test,rdkit_full_xgb,0,random
CYCPEPTMPDB_PAMPA_006922,-5.49,-5.418745994567871,test,rdkit_full_xgb,0,random
CYCPEPTMPDB_PAMPA_000949,-5.25,-5.343808650970459,test,rdkit_full_xgb,0,random
CYCPEPTMPDB_PAMPA_001955,-6.4,-5.681812763214111,test,rdkit_full_xgb,0,random
CYCPEPTMPDB_PAMPA_006689,-6.7,-5.6838555335998535,test,rdkit_full_xgb,0,random
CYCPEPTMPDB_PAMPA_002651,-5.82,-5.489979267120361,test,rdkit_full_xgb,0,random
CYCPEPTMPDB_PAMPA_001019,-6.46,-7.684640407562256,test,rdkit_full_xgb,0,random
CYCPEPTMPDB_PAMPA_005201,-6.32,-6.0997538566589355,test,rdkit_full_xgb,0,random
CYCPEPTMPDB_PAMPA_001093,-5.85,-5.916616439819336,test,rdkit_full_xgb,0,random
CYCPEPTMPDB_PAMPA_007104,-5.59938568,-7.663024425506592,test,rdkit_full_xgb,0,random
CYCPEPTMPDB_PAMPA_004474,-5.64,-5.500296115875244,test,rdkit_full_xgb,0,random
CYCPEPTMPDB_PAMPA_006068,-5.3,-6.140288829803467,test,rdkit_full_xgb,0,random
CYCPEPTMPDB_PAMPA_003145,-5.91,-5.785362243652344,test,rdkit_full_xgb,0,random
CYCPEPTMPDB_PAMPA_006481,-6.5,-6.469864368438721,test,rdkit_full_xgb,0,random
CYCPEPTMPDB_PAMPA_001496,-6.19,-6.788243770599365,test,rdkit_full_xgb,0,random
CYCPEPTMPDB_PAMPA_004568,-5.42,-5.6282877922058105,test,rdkit_full_xgb,0,random
CYCPEPTMPDB_PAMPA_001584,-5.41,-5.148017406463623,test,rdkit_full_xgb,0,random
CYCPEPTMPDB_PAMPA_000376,-4.7,-4.717111110687256,test,rdkit_full_xgb,0,random
CYCPEPTMPDB_PAMPA_005512,-6.03,-5.44507360458374,test,rdkit_full_xgb,0,random
CYCPEPTMPDB_PAMPA_004720,-5.81,-5.64572286605835,test,rdkit_full_xgb,0,random
CYCPEPTMPDB_PAMPA_000522,-4.64,-4.565732479095459,test,rdkit_full_xgb,0,random
CYCPEPTMPDB_PAMPA_004811,-5.9,-5.984105110168457,test,rdkit_full_xgb,0,random
CYCPEPTMPDB_PAMPA_004515,-5.37,-5.613617420196533,test,rdkit_full_xgb,0,random
CYCPEPTMPDB_PAMPA_004981,-6.22,-7.481184005737305,test,rdkit_full_xgb,0,random
CYCPEPTMPDB_PAMPA_001610,-5.08,-5.37978458404541,test,rdkit_full_xgb,0,random
CYCPEPTMPDB_PAMPA_003010,-5.29,-5.2468461990356445,test,rdkit_full_xgb,0,random
CYCPEPTMPDB_PAMPA_003971,-6.59,-5.989352226257324,test,rdkit_full_xgb,0,random
CYCPEPTMPDB_PAMPA_006030,-5.25,-5.6189866065979,test,rdkit_full_xgb,0,random
CYCPEPTMPDB_PAMPA_002680,-6.1,-6.723691940307617,test,rdkit_full_xgb,0,random
CYCPEPTMPDB_PAMPA_006799,-6.31,-5.786128997802734,test,rdkit_full_xgb,0,random
CYCPEPTMPDB_PAMPA_004584,-5.56,-5.53221321105957,test,rdkit_full_xgb,0,random
CYCPEPTMPDB_PAMPA_006212,-5.61,-5.571171760559082,test,rdkit_full_xgb,0,random
CYCPEPTMPDB_PAMPA_001206,-6.55,-6.6966328620910645,test,rdkit_full_xgb,0,random
CYCPEPTMPDB_PAMPA_005890,-7.01,-6.930502891540527,test,rdkit_full_xgb,0,random
CYCPEPTMPDB_PAMPA_002270,-4.94,-6.133756160736084,test,rdkit_full_xgb,0,random
CYCPEPTMPDB_PAMPA_006124,-7.24,-6.0004119873046875,test,rdkit_full_xgb,0,random
CYCPEPTMPDB_PAMPA_004991,-5.8,-5.951809883117676,test,rdkit_full_xgb,0,random
CYCPEPTMPDB_PAMPA_003618,-5.23,-5.284234523773193,test,rdkit_full_xgb,0,random
CYCPEPTMPDB_PAMPA_006609,-6.18,-5.348560333251953,test,rdkit_full_xgb,0,random
CYCPEPTMPDB_PAMPA_004578,-5.64,-6.33746337890625,test,rdkit_full_xgb,0,random
CYCPEPTMPDB_PAMPA_005748,-4.98,-5.6073737144470215,test,rdkit_full_xgb,0,random
CYCPEPTMPDB_PAMPA_006706,-4.0,-5.796998977661133,test,rdkit_full_xgb,0,random
CYCPEPTMPDB_PAMPA_002280,-4.93,-5.305915832519531,test,rdkit_full_xgb,0,random
CYCPEPTMPDB_PAMPA_006397,-5.17,-6.035520553588867,test,rdkit_full_xgb,0,random
CYCPEPTMPDB_PAMPA_002940,-4.92,-4.78275203704834,test,rdkit_full_xgb,0,random
CYCPEPTMPDB_PAMPA_000732,-5.43,-4.98037576675415,test,rdkit_full_xgb,0,random
CYCPEPTMPDB_PAMPA_002241,-6.09,-5.809619426727295,test,rdkit_full_xgb,0,random
CYCPEPTMPDB_PAMPA_003091,-5.33,-5.887458801269531,test,rdkit_full_xgb,0,random
CYCPEPTMPDB_PAMPA_005359,-6.85,-6.930502891540527,test,rdkit_full_xgb,0,random
CYCPEPTMPDB_PAMPA_003006,-5.41,-5.2468461990356445,test,rdkit_full_xgb,0,random
CYCPEPTMPDB_PAMPA_003134,-5.61,-5.474801540374756,test,rdkit_full_xgb,0,random
CYCPEPTMPDB_PAMPA_002305,-4.77,-4.995504379272461,test,rdkit_full_xgb,0,random
CYCPEPTMPDB_PAMPA_006160,-8.7,-6.930502891540527,test,rdkit_full_xgb,0,random
CYCPEPTMPDB_PAMPA_005414,-5.35,-5.44507360458374,test,rdkit_full_xgb,0,random
CYCPEPTMPDB_PAMPA_006612,-5.6,-5.801103591918945,test,rdkit_full_xgb,0,random
CYCPEPTMPDB_PAMPA_001549,-5.96,-5.569658279418945,test,rdkit_full_xgb,0,random
CYCPEPTMPDB_PAMPA_006453,-4.88,-5.432331562042236,test,rdkit_full_xgb,0,random
CYCPEPTMPDB_PAMPA_000025,-4.89,-4.735339641571045,test,rdkit_full_xgb,0,random
CYCPEPTMPDB_PAMPA_003187,-5.58,-5.602900981903076,test,rdkit_full_xgb,0,random
CYCPEPTMPDB_PAMPA_002237,-5.33,-5.186121940612793,test,rdkit_full_xgb,0,random
CYCPEPTMPDB_PAMPA_000751,-4.52,-4.837208271026611,test,rdkit_full_xgb,0,random
CYCPEPTMPDB_PAMPA_005510,-5.86,-6.024972438812256,test,rdkit_full_xgb,0,random
CYCPEPTMPDB_PAMPA_006631,-5.51,-5.665585994720459,test,rdkit_full_xgb,0,random
CYCPEPTMPDB_PAMPA_003348,-6.9,-6.230260848999023,test,rdkit_full_xgb,0,random
CYCPEPTMPDB_PAMPA_001165,-6.03,-5.927901744842529,test,rdkit_full_xgb,0,random
CYCPEPTMPDB_PAMPA_007197,-10.0,-8.168057441711426,test,rdkit_full_xgb,0,random
CYCPEPTMPDB_PAMPA_003050,-5.52,-7.059840202331543,test,rdkit_full_xgb,0,random
CYCPEPTMPDB_PAMPA_000274,-4.72,-4.6183648109436035,test,rdkit_full_xgb,0,random
CYCPEPTMPDB_PAMPA_002864,-5.22,-7.567176818847656,test,rdkit_full_xgb,0,random
CYCPEPTMPDB_PAMPA_004594,-5.73,-5.887458801269531,test,rdkit_full_xgb,0,random
CYCPEPTMPDB_PAMPA_004131,-5.55,-6.021754264831543,test,rdkit_full_xgb,0,random
CYCPEPTMPDB_PAMPA_003619,-6.46,-6.1265435218811035,test,rdkit_full_xgb,0,random
CYCPEPTMPDB_PAMPA_003563,-5.2,-6.031845569610596,test,rdkit_full_xgb,0,random
CYCPEPTMPDB_PAMPA_004484,-5.99,-7.853980541229248,test,rdkit_full_xgb,0,random
CYCPEPTMPDB_PAMPA_003719,-10.0,-6.1265435218811035,test,rdkit_full_xgb,0,random
CYCPEPTMPDB_PAMPA_003068,-5.19,-5.242336750030518,test,rdkit_full_xgb,0,random
CYCPEPTMPDB_PAMPA_001235,-5.42,-5.720343589782715,test,rdkit_full_xgb,0,random
CYCPEPTMPDB_PAMPA_006297,-6.68,-5.646599292755127,test,rdkit_full_xgb,0,random
CYCPEPTMPDB_PAMPA_004562,-5.44,-5.500296115875244,test,rdkit_full_xgb,0,random
CYCPEPTMPDB_PAMPA_003331,-6.6,-6.8117499351501465,test,rdkit_full_xgb,0,random
CYCPEPTMPDB_PAMPA_001633,-5.15,-5.846320152282715,test,rdkit_full_xgb,0,random
CYCPEPTMPDB_PAMPA_000344,-5.14,-4.908248424530029,test,rdkit_full_xgb,0,random
CYCPEPTMPDB_PAMPA_006616,-5.72,-5.898345947265625,test,rdkit_full_xgb,0,random
CYCPEPTMPDB_PAMPA_005895,-5.27,-5.571171760559082,test,rdkit_full_xgb,0,random
CYCPEPTMPDB_PAMPA_003755,-5.33,-6.916554927825928,test,rdkit_full_xgb,0,random
CYCPEPTMPDB_PAMPA_005105,-6.31,-6.904199123382568,test,rdkit_full_xgb,0,random
CYCPEPTMPDB_PAMPA_006484,-7.0,-7.145854949951172,test,rdkit_full_xgb,0,random
CYCPEPTMPDB_PAMPA_004854,-5.49,-5.658100128173828,test,rdkit_full_xgb,0,random
CYCPEPTMPDB_PAMPA_000266,-4.55,-5.417071342468262,test,rdkit_full_xgb,0,random
CYCPEPTMPDB_PAMPA_006164,-5.61,-5.571171760559082,test,rdkit_full_xgb,0,random
CYCPEPTMPDB_PAMPA_001529,-5.23,-5.16788911819458,test,rdkit_full_xgb,0,random
CYCPEPTMPDB_PAMPA_007174,-5.56819567,-7.250205993652344,test,rdkit_full_xgb,0,random
CYCPEPTMPDB_PAMPA_003825,-6.29,-6.1265435218811035,test,rdkit_full_xgb,0,random
CYCPEPTMPDB_PAMPA_004538,-5.58,-5.82213020324707,test,rdkit_full_xgb,0,random
CYCPEPTMPDB_PAMPA_003046,-5.3,-5.232542514801025,test,rdkit_full_xgb,0,random
CYCPEPTMPDB_PAMPA_003642,-5.18,-5.507826805114746,test,rdkit_full_xgb,0,random
CYCPEPTMPDB_PAMPA_005035,-10.0,-5.951809883117676,test,rdkit_full_xgb,0,random
CYCPEPTMPDB_PAMPA_001080,-5.17,-5.509282112121582,test,rdkit_full_xgb,0,random
CYCPEPTMPDB_PAMPA_000540,-7.0,-5.309020519256592,test,rdkit_full_xgb,0,random
CYCPEPTMPDB_PAMPA_003504,-5.06,-5.367262363433838,test,rdkit_full_xgb,0,random
CYCPEPTMPDB_PAMPA_003643,-5.17,-5.507826805114746,test,rdkit_full_xgb,0,random
CYCPEPTMPDB_PAMPA_005428,-5.16,-5.571171760559082,test,rdkit_full_xgb,0,random
CYCPEPTMPDB_PAMPA_004548,-6.04,-6.283928871154785,test,rdkit_full_xgb,0,random
CYCPEPTMPDB_PAMPA_007022,-7.06052236,-7.0149312019348145,test,rdkit_full_xgb,0,random
CYCPEPTMPDB_PAMPA_004827,-6.15,-6.141629219055176,test,rdkit_full_xgb,0,random
CYCPEPTMPDB_PAMPA_001673,-5.72,-5.16788911819458,test,rdkit_full_xgb,0,random
CYCPEPTMPDB_PAMPA_000925,-10.0,-6.944443702697754,test,rdkit_full_xgb,0,random
CYCPEPTMPDB_PAMPA_002082,-4.99,-7.650378227233887,test,rdkit_full_xgb,0,random
CYCPEPTMPDB_PAMPA_001449,-6.41,-6.925626277923584,test,rdkit_full_xgb,0,random
CYCPEPTMPDB_PAMPA_001729,-5.44,-5.569658279418945,test,rdkit_full_xgb,0,random
CYCPEPTMPDB_PAMPA_000275,-4.85,-4.633018970489502,test,rdkit_full_xgb,0,random
CYCPEPTMPDB_PAMPA_005266,-6.1,-5.595350742340088,test,rdkit_full_xgb,0,random
CYCPEPTMPDB_PAMPA_005745,-5.78,-5.44507360458374,test,rdkit_full_xgb,0,random
CYCPEPTMPDB_PAMPA_002933,-5.15,-4.758425235748291,test,rdkit_full_xgb,0,random
CYCPEPTMPDB_PAMPA_000178,-4.66,-4.583691120147705,test,rdkit_full_xgb,0,random
CYCPEPTMPDB_PAMPA_004264,-6.02,-5.719532012939453,test,rdkit_full_xgb,0,random
CYCPEPTMPDB_PAMPA_006809,-6.15,-6.371700763702393,test,rdkit_full_xgb,0,random
CYCPEPTMPDB_PAMPA_006766,-5.49,-5.923584461212158,test,rdkit_full_xgb,0,random
CYCPEPTMPDB_PAMPA_001472,-6.76,-6.475485801696777,test,rdkit_full_xgb,0,random
CYCPEPTMPDB_PAMPA_002283,-4.83,-4.908664703369141,test,rdkit_full_xgb,0,random
CYCPEPTMPDB_PAMPA_006589,-5.46,-5.736701965332031,test,rdkit_full_xgb,0,random
CYCPEPTMPDB_PAMPA_002187,-4.93,-6.133756160736084,test,rdkit_full_xgb,0,random
CYCPEPTMPDB_PAMPA_004012,-7.3,-6.230260848999023,test,rdkit_full_xgb,0,random
CYCPEPTMPDB_PAMPA_006122,-5.59,-5.595350742340088,test,rdkit_full_xgb,0,random
CYCPEPTMPDB_PAMPA_005968,-5.14,-6.156463623046875,test,rdkit_full_xgb,0,random
CYCPEPTMPDB_PAMPA_000182,-4.44,-4.498752117156982,test,rdkit_full_xgb,0,random
CYCPEPTMPDB_PAMPA_001539,-5.1,-5.606121063232422,test,rdkit_full_xgb,0,random
CYCPEPTMPDB_PAMPA_002126,-5.7,-5.60920524597168,test,rdkit_full_xgb,0,random
CYCPEPTMPDB_PAMPA_006242,-5.44,-5.44507360458374,test,rdkit_full_xgb,0,random
CYCPEPTMPDB_PAMPA_004190,-5.48,-5.552603721618652,test,rdkit_full_xgb,0,random
CYCPEPTMPDB_PAMPA_004698,-5.56,-5.581498146057129,test,rdkit_full_xgb,0,random
CYCPEPTMPDB_PAMPA_005688,-6.78,-5.873081207275391,test,rdkit_full_xgb,0,random
CYCPEPTMPDB_PAMPA_006878,-5.77,-6.33820104598999,test,rdkit_full_xgb,0,random
CYCPEPTMPDB_PAMPA_004841,-5.97,-6.5270233154296875,test,rdkit_full_xgb,0,random
CYCPEPTMPDB_PAMPA_004615,-5.82,-7.968344688415527,test,rdkit_full_xgb,0,random
CYCPEPTMPDB_PAMPA_002249,-5.7,-5.083999156951904,test,rdkit_full_xgb,0,random
CYCPEPTMPDB_PAMPA_002599,-5.99,-6.54825496673584,test,rdkit_full_xgb,0,random
CYCPEPTMPDB_PAMPA_006444,-5.1,-5.40211820602417,test,rdkit_full_xgb,0,random
CYCPEPTMPDB_PAMPA_004694,-5.57,-5.613617420196533,test,rdkit_full_xgb,0,random
CYCPEPTMPDB_PAMPA_006471,-5.12,-5.151552200317383,test,rdkit_full_xgb,0,random
CYCPEPTMPDB_PAMPA_001556,-5.29,-4.9868574142456055,test,rdkit_full_xgb,0,random
CYCPEPTMPDB_PAMPA_003795,-5.3,-5.65928316116333,test,rdkit_full_xgb,0,random
CYCPEPTMPDB_PAMPA_006692,-6.5,-5.978246688842773,test,rdkit_full_xgb,0,random
CYCPEPTMPDB_PAMPA_004199,-5.74,-5.5975236892700195,test,rdkit_full_xgb,0,random
CYCPEPTMPDB_PAMPA_000912,-7.4,-6.996866226196289,test,rdkit_full_xgb,0,random
CYCPEPTMPDB_PAMPA_007068,-10.0,-7.663024425506592,test,rdkit_full_xgb,0,random
CYCPEPTMPDB_PAMPA_002046,-5.5,-5.181797981262207,test,rdkit_full_xgb,0,random
CYCPEPTMPDB_PAMPA_001886,-5.78,-5.509156703948975,test,rdkit_full_xgb,0,random
CYCPEPTMPDB_PAMPA_006775,-5.63,-5.913745403289795,test,rdkit_full_xgb,0,random
CYCPEPTMPDB_PAMPA_005701,-8.1,-6.930502891540527,test,rdkit_full_xgb,0,random
CYCPEPTMPDB_PAMPA_000103,-4.85,-4.552582740783691,test,rdkit_full_xgb,0,random
CYCPEPTMPDB_PAMPA_001299,-5.75,-5.96803092956543,test,rdkit_full_xgb,0,random
CYCPEPTMPDB_PAMPA_003074,-6.26,-6.33746337890625,test,rdkit_full_xgb,0,random
CYCPEPTMPDB_PAMPA_005901,-5.61,-6.140288829803467,test,rdkit_full_xgb,0,random
CYCPEPTMPDB_PAMPA_005024,-5.56,-5.602900981903076,test,rdkit_full_xgb,0,random
CYCPEPTMPDB_PAMPA_000142,-4.31,-4.762242317199707,test,rdkit_full_xgb,0,random
CYCPEPTMPDB_PAMPA_002457,-5.14,-5.489979267120361,test,rdkit_full_xgb,0,random
CYCPEPTMPDB_PAMPA_005086,-5.41,-6.031845569610596,test,rdkit_full_xgb,0,random
CYCPEPTMPDB_PAMPA_003565,-5.61,-5.801376819610596,test,rdkit_full_xgb,0,random
CYCPEPTMPDB_PAMPA_005602,-7.11,-6.156463623046875,test,rdkit_full_xgb,0,random
CYCPEPTMPDB_PAMPA_006296,-6.62,-5.905343532562256,test,rdkit_full_xgb,0,random
CYCPEPTMPDB_PAMPA_002145,-5.31,-5.505332946777344,test,rdkit_full_xgb,0,random
CYCPEPTMPDB_PAMPA_000367,-4.85,-4.591284275054932,test,rdkit_full_xgb,0,random
CYCPEPTMPDB_PAMPA_003513,-5.97,-6.1265435218811035,test,rdkit_full_xgb,0,random
CYCPEPTMPDB_PAMPA_001239,-6.65,-5.900271415710449,test,rdkit_full_xgb,0,random
CYCPEPTMPDB_PAMPA_005497,-5.71,-6.140288829803467,test,rdkit_full_xgb,0,random
CYCPEPTMPDB_PAMPA_002260,-5.76,-5.670190334320068,test,rdkit_full_xgb,0,random
CYCPEPTMPDB_PAMPA_003874,-5.87,-6.807577610015869,test,rdkit_full_xgb,0,random
CYCPEPTMPDB_PAMPA_000015,-6.68,-6.780679702758789,test,rdkit_full_xgb,0,random
CYCPEPTMPDB_PAMPA_004229,-6.86,-6.166075706481934,test,rdkit_full_xgb,0,random
CYCPEPTMPDB_PAMPA_001055,-5.32,-5.703399181365967,test,rdkit_full_xgb,0,random
CYCPEPTMPDB_PAMPA_004071,-6.34,-6.8117499351501465,test,rdkit_full_xgb,0,random
CYCPEPTMPDB_PAMPA_000154,-4.37,-4.516200065612793,test,rdkit_full_xgb,0,random
CYCPEPTMPDB_PAMPA_002016,-4.85,-5.873047828674316,test,rdkit_full_xgb,0,random
CYCPEPTMPDB_PAMPA_002752,-5.11,-5.7269110679626465,test,rdkit_full_xgb,0,random
CYCPEPTMPDB_PAMPA_005450,-5.21,-5.6073737144470215,test,rdkit_full_xgb,0,random
CYCPEPTMPDB_PAMPA_002772,-5.17,-5.304436683654785,test,rdkit_full_xgb,0,random
CYCPEPTMPDB_PAMPA_003173,-5.66,-6.751588344573975,test,rdkit_full_xgb,0,random
CYCPEPTMPDB_PAMPA_002269,-6.08,-6.133756160736084,test,rdkit_full_xgb,0,random
CYCPEPTMPDB_PAMPA_004449,-5.83,-5.8168792724609375,test,rdkit_full_xgb,0,random
CYCPEPTMPDB_PAMPA_001857,-5.03,-4.955836772918701,test,rdkit_full_xgb,0,random
CYCPEPTMPDB_PAMPA_006917,-6.39,-5.855464935302734,test,rdkit_full_xgb,0,random
CYCPEPTMPDB_PAMPA_005545,-5.74,-5.595350742340088,test,rdkit_full_xgb,0,random
CYCPEPTMPDB_PAMPA_006248,-6.38,-6.654498100280762,test,rdkit_full_xgb,0,random
CYCPEPTMPDB_PAMPA_005064,-10.0,-6.007719993591309,test,rdkit_full_xgb,0,random
CYCPEPTMPDB_PAMPA_003071,-10.0,-5.382050514221191,test,rdkit_full_xgb,0,random
CYCPEPTMPDB_PAMPA_006979,-5.3,-7.040193557739258,test,rdkit_full_xgb,0,random
CYCPEPTMPDB_PAMPA_005348,-6.0,-5.571171760559082,test,rdkit_full_xgb,0,random
CYCPEPTMPDB_PAMPA_001722,-6.88,-6.410078048706055,test,rdkit_full_xgb,0,random
CYCPEPTMPDB_PAMPA_002891,-4.94,-5.080371856689453,test,rdkit_full_xgb,0,random
CYCPEPTMPDB_PAMPA_004058,-10.0,-7.180874824523926,test,rdkit_full_xgb,0,random
CYCPEPTMPDB_PAMPA_004948,-5.88,-5.556117534637451,test,rdkit_full_xgb,0,random
CYCPEPTMPDB_PAMPA_005013,-6.41,-6.70176887512207,test,rdkit_full_xgb,0,random
CYCPEPTMPDB_PAMPA_001015,-7.7,-6.709506511688232,test,rdkit_full_xgb,0,random
CYCPEPTMPDB_PAMPA_005234,-5.47,-5.44507360458374,test,rdkit_full_xgb,0,random
CYCPEPTMPDB_PAMPA_006754,-5.17,-6.344471454620361,test,rdkit_full_xgb,0,random
CYCPEPTMPDB_PAMPA_001667,-5.23,-5.339247703552246,test,rdkit_full_xgb,0,random
CYCPEPTMPDB_PAMPA_004333,-5.21,-6.574135780334473,test,rdkit_full_xgb,0,random
CYCPEPTMPDB_PAMPA_005385,-5.42,-5.595350742340088,test,rdkit_full_xgb,0,random
CYCPEPTMPDB_PAMPA_006542,-5.1,-5.24884033203125,test,rdkit_full_xgb,0,random
CYCPEPTMPDB_PAMPA_004762,-5.51,-5.53221321105957,test,rdkit_full_xgb,0,random
CYCPEPTMPDB_PAMPA_002216,-5.93,-5.596550941467285,test,rdkit_full_xgb,0,random
CYCPEPTMPDB_PAMPA_005356,-6.11,-6.0997538566589355,test,rdkit_full_xgb,0,random
CYCPEPTMPDB_PAMPA_006047,-5.49,-6.0004119873046875,test,rdkit_full_xgb,0,random
CYCPEPTMPDB_PAMPA_004741,-5.61,-5.500296115875244,test,rdkit_full_xgb,0,random
CYCPEPTMPDB_PAMPA_006298,-7.13,-5.646599292755127,test,rdkit_full_xgb,0,random
CYCPEPTMPDB_PAMPA_003868,-10.0,-5.759355545043945,test,rdkit_full_xgb,0,random
CYCPEPTMPDB_PAMPA_002296,-4.8,-4.982776165008545,test,rdkit_full_xgb,0,random
CYCPEPTMPDB_PAMPA_007105,-5.33222578,-6.377838134765625,test,rdkit_full_xgb,0,random
CYCPEPTMPDB_PAMPA_006942,-4.97,-5.451077938079834,test,rdkit_full_xgb,0,random
CYCPEPTMPDB_PAMPA_001523,-5.24,-5.339247703552246,test,rdkit_full_xgb,0,random
CYCPEPTMPDB_PAMPA_000463,-4.34,-4.865547180175781,test,rdkit_full_xgb,0,random
CYCPEPTMPDB_PAMPA_006437,-4.92,-5.240220546722412,test,rdkit_full_xgb,0,random
CYCPEPTMPDB_PAMPA_001386,-6.49,-6.004110813140869,test,rdkit_full_xgb,0,random
CYCPEPTMPDB_PAMPA_004736,-5.76,-5.647296905517578,test,rdkit_full_xgb,0,random
CYCPEPTMPDB_PAMPA_000658,-4.8,-5.048196792602539,test,rdkit_full_xgb,0,random
CYCPEPTMPDB_PAMPA_006882,-6.2,-6.445077896118164,test,rdkit_full_xgb,0,random
CYCPEPTMPDB_PAMPA_003288,-5.9,-5.997157573699951,test,rdkit_full_xgb,0,random
CYCPEPTMPDB_PAMPA_003232,-6.41,-6.296361446380615,test,rdkit_full_xgb,0,random
CYCPEPTMPDB_PAMPA_004894,-5.63,-5.64572286605835,test,rdkit_full_xgb,0,random
CYCPEPTMPDB_PAMPA_002617,-6.34,-6.591151237487793,test,rdkit_full_xgb,0,random
CYCPEPTMPDB_PAMPA_004206,-5.74,-5.759355545043945,test,rdkit_full_xgb,0,random
CYCPEPTMPDB_PAMPA_002044,-5.34,-5.171211242675781,test,rdkit_full_xgb,0,random
CYCPEPTMPDB_PAMPA_000352,-5.8,-5.639565467834473,test,rdkit_full_xgb,0,random
CYCPEPTMPDB_PAMPA_002047,-5.21,-5.181797981262207,test,rdkit_full_xgb,0,random
CYCPEPTMPDB_PAMPA_002180,-6.02,-6.113348484039307,test,rdkit_full_xgb,0,random
CYCPEPTMPDB_PAMPA_003176,-6.27,-7.294262409210205,test,rdkit_full_xgb,0,random
CYCPEPTMPDB_PAMPA_002673,-6.09,-5.835375785827637,test,rdkit_full_xgb,0,random
CYCPEPTMPDB_PAMPA_005117,-6.92,-6.9453887939453125,test,rdkit_full_xgb,0,random
CYCPEPTMPDB_PAMPA_005555,-5.38,-5.873081207275391,test,rdkit_full_xgb,0,random
CYCPEPTMPDB_PAMPA_001593,-5.22,-5.031862258911133,test,rdkit_full_xgb,0,random
CYCPEPTMPDB_PAMPA_003227,-10.0,-7.180874824523926,test,rdkit_full_xgb,0,random
CYCPEPTMPDB_PAMPA_006759,-5.48,-5.739063262939453,test,rdkit_full_xgb,0,random
CYCPEPTMPDB_PAMPA_006723,-5.06,-7.025351524353027,test,rdkit_full_xgb,0,random
CYCPEPTMPDB_PAMPA_002900,-5.1,-5.242336750030518,test,rdkit_full_xgb,0,random
CYCPEPTMPDB_PAMPA_000072,-4.6,-4.396825790405273,test,rdkit_full_xgb,0,random
CYCPEPTMPDB_PAMPA_006921,-5.73,-5.332834720611572,test,rdkit_full_xgb,0,random
CYCPEPTMPDB_PAMPA_000128,-4.19,-4.443382263183594,test,rdkit_full_xgb,0,random
CYCPEPTMPDB_PAMPA_004101,-10.0,-5.997157573699951,test,rdkit_full_xgb,0,random
CYCPEPTMPDB_PAMPA_003387,-7.85,-7.180874824523926,test,rdkit_full_xgb,0,random
CYCPEPTMPDB_PAMPA_005090,-10.0,-5.759355545043945,test,rdkit_full_xgb,0,random
CYCPEPTMPDB_PAMPA_003455,-5.78,-5.951809883117676,test,rdkit_full_xgb,0,random
CYCPEPTMPDB_PAMPA_001234,-7.04,-6.653181552886963,test,rdkit_full_xgb,0,random
CYCPEPTMPDB_PAMPA_007223,-6.262063272,-6.104043006896973,test,rdkit_full_xgb,0,random
CYCPEPTMPDB_PAMPA_005585,-5.14,-5.6073737144470215,test,rdkit_full_xgb,0,random
CYCPEPTMPDB_PAMPA_006666,-6.03,-5.575732231140137,test,rdkit_full_xgb,0,random
CYCPEPTMPDB_PAMPA_005008,-5.78,-5.644186019897461,test,rdkit_full_xgb,0,random
CYCPEPTMPDB_PAMPA_003056,-5.22,-5.232464790344238,test,rdkit_full_xgb,0,random
CYCPEPTMPDB_PAMPA_004098,-5.96,-5.783066749572754,test,rdkit_full_xgb,0,random
CYCPEPTMPDB_PAMPA_005191,-5.39,-5.873081207275391,test,rdkit_full_xgb,0,random
CYCPEPTMPDB_PAMPA_003471,-6.01,-7.5954718589782715,test,rdkit_full_xgb,0,random
CYCPEPTMPDB_PAMPA_005267,-6.43,-5.571171760559082,test,rdkit_full_xgb,0,random
CYCPEPTMPDB_PAMPA_005983,-5.64,-5.595350742340088,test,rdkit_full_xgb,0,random
CYCPEPTMPDB_PAMPA_000603,-4.74,-4.899452209472656,test,rdkit_full_xgb,0,random
CYCPEPTMPDB_PAMPA_000357,-5.04,-4.897550106048584,test,rdkit_full_xgb,0,random
CYCPEPTMPDB_PAMPA_002487,-5.79,-6.723691940307617,test,rdkit_full_xgb,0,random
CYCPEPTMPDB_PAMPA_004563,-6.15,-5.948607444763184,test,rdkit_full_xgb,0,random
CYCPEPTMPDB_PAMPA_002258,-5.18,-5.774454593658447,test,rdkit_full_xgb,0,random
CYCPEPTMPDB_PAMPA_002718,-5.42,-6.554268836975098,test,rdkit_full_xgb,0,random
CYCPEPTMPDB_PAMPA_002149,-5.69,-5.445568561553955,test,rdkit_full_xgb,0,random
CYCPEPTMPDB_PAMPA_006865,-10.0,-8.432887077331543,test,rdkit_full_xgb,0,random
CYCPEPTMPDB_PAMPA_000267,-5.82,-4.775146961212158,test,rdkit_full_xgb,0,random
CYCPEPTMPDB_PAMPA_007008,-5.371453385,-5.572690963745117,test,rdkit_full_xgb,0,random
CYCPEPTMPDB_PAMPA_004912,-5.75,-5.438261985778809,test,rdkit_full_xgb,0,random
CYCPEPTMPDB_PAMPA_005506,-6.12,-6.654498100280762,test,rdkit_full_xgb,0,random
CYCPEPTMPDB_PAMPA_006762,-6.65,-5.95659875869751,test,rdkit_full_xgb,0,random
CYCPEPTMPDB_PAMPA_002505,-6.0,-6.623834133148193,test,rdkit_full_xgb,0,random
CYCPEPTMPDB_PAMPA_003373,-5.6,-5.951809883117676,test,rdkit_full_xgb,0,random
CYCPEPTMPDB_PAMPA_004961,-5.68,-5.556117534637451,test,rdkit_full_xgb,0,random
CYCPEPTMPDB_PAMPA_000565,-5.77,-6.03753662109375,test,rdkit_full_xgb,0,random
CYCPEPTMPDB_PAMPA_001203,-7.19,-6.108020305633545,test,rdkit_full_xgb,0,random
CYCPEPTMPDB_PAMPA_002513,-6.33,-7.952219009399414,test,rdkit_full_xgb,0,random
CYCPEPTMPDB_PAMPA_002186,-5.81,-5.766281604766846,test,rdkit_full_xgb,0,random
CYCPEPTMPDB_PAMPA_000730,-4.48,-4.0074567794799805,test,rdkit_full_xgb,0,random
CYCPEPTMPDB_PAMPA_007094,-6.869663485,-7.663024425506592,test,rdkit_full_xgb,0,random
CYCPEPTMPDB_PAMPA_000150,-4.26,-4.762242317199707,test,rdkit_full_xgb,0,random
CYCPEPTMPDB_PAMPA_001151,-5.29,-5.742105960845947,test,rdkit_full_xgb,0,random
CYCPEPTMPDB_PAMPA_000478,-4.26,-4.530308723449707,test,rdkit_full_xgb,0,random
CYCPEPTMPDB_PAMPA_000237,-5.12,-5.356163501739502,test,rdkit_full_xgb,0,random
CYCPEPTMPDB_PAMPA_005452,-5.67,-5.446765899658203,test,rdkit_full_xgb,0,random
CYCPEPTMPDB_PAMPA_006718,-4.94,-5.728516101837158,test,rdkit_full_xgb,0,random
CYCPEPTMPDB_PAMPA_004750,-5.58,-5.6282877922058105,test,rdkit_full_xgb,0,random
CYCPEPTMPDB_PAMPA_000449,-5.29,-5.0541887283325195,test,rdkit_full_xgb,0,random
CYCPEPTMPDB_PAMPA_002969,-5.6,-6.233996391296387,test,rdkit_full_xgb,0,random
CYCPEPTMPDB_PAMPA_003518,-5.03,-5.284234523773193,test,rdkit_full_xgb,0,random
CYCPEPTMPDB_PAMPA_000682,-4.92,-4.772823810577393,test,rdkit_full_xgb,0,random
CYCPEPTMPDB_PAMPA_003324,-6.95,-6.8117499351501465,test,rdkit_full_xgb,0,random
CYCPEPTMPDB_PAMPA_001823,-5.09,-5.172207832336426,test,rdkit_full_xgb,0,random
CYCPEPTMPDB_PAMPA_004122,-5.07,-5.644186019897461,test,rdkit_full_xgb,0,random
CYCPEPTMPDB_PAMPA_003188,-5.23,-5.602900981903076,test,rdkit_full_xgb,0,random
CYCPEPTMPDB_PAMPA_000764,-4.52,-4.511820316314697,test,rdkit_full_xgb,0,random
CYCPEPTMPDB_PAMPA_001780,-6.1,-5.905898094177246,test,rdkit_full_xgb,0,random
CYCPEPTMPDB_PAMPA_004051,-5.49,-5.644186019897461,test,rdkit_full_xgb,0,random
CYCPEPTMPDB_PAMPA_001058,-7.27,-7.168043613433838,test,rdkit_full_xgb,0,random
CYCPEPTMPDB_PAMPA_003907,-5.0,-5.96703577041626,test,rdkit_full_xgb,0,random
CYCPEPTMPDB_PAMPA_000702,-5.3,-4.666746616363525,test,rdkit_full_xgb,0,random
CYCPEPTMPDB_PAMPA_005706,-7.44,-6.930502891540527,test,rdkit_full_xgb,0,random
CYCPEPTMPDB_PAMPA_000354,-4.6,-4.988710403442383,test,rdkit_full_xgb,0,random
CYCPEPTMPDB_PAMPA_000002,-7.0,-6.76456356048584,test,rdkit_full_xgb,0,random
CYCPEPTMPDB_PAMPA_005041,-5.94,-5.65928316116333,test,rdkit_full_xgb,0,random
CYCPEPTMPDB_PAMPA_000318,-4.7,-4.642881393432617,test,rdkit_full_xgb,0,random
CYCPEPTMPDB_PAMPA_002809,-6.11,-6.896130084991455,test,rdkit_full_xgb,0,random
CYCPEPTMPDB_PAMPA_003126,-5.9,-5.635890960693359,test,rdkit_full_xgb,0,random
CYCPEPTMPDB_PAMPA_002394,-6.07,-6.723691940307617,test,rdkit_full_xgb,0,random
CYCPEPTMPDB_PAMPA_001304,-5.62,-5.796946048736572,test,rdkit_full_xgb,0,random
CYCPEPTMPDB_PAMPA_004408,-5.31,-5.613617420196533,test,rdkit_full_xgb,0,random
CYCPEPTMPDB_PAMPA_005093,-5.77,-6.260326385498047,test,rdkit_full_xgb,0,random
CYCPEPTMPDB_PAMPA_000310,-5.6,-4.995790481567383,test,rdkit_full_xgb,0,random
CYCPEPTMPDB_PAMPA_001850,-5.83,-5.51833438873291,test,rdkit_full_xgb,0,random
CYCPEPTMPDB_PAMPA_007004,-5.354681388,-5.747473239898682,test,rdkit_full_xgb,0,random
CYCPEPTMPDB_PAMPA_006101,-5.86,-5.595350742340088,test,rdkit_full_xgb,0,random
CYCPEPTMPDB_PAMPA_002831,-4.97,-5.492374897003174,test,rdkit_full_xgb,0,random
CYCPEPTMPDB_PAMPA_002963,-5.56,-5.304436683654785,test,rdkit_full_xgb,0,random
CYCPEPTMPDB_PAMPA_006570,-6.85,-5.892230987548828,test,rdkit_full_xgb,0,random
CYCPEPTMPDB_PAMPA_001168,-5.53,-5.568655967712402,test,rdkit_full_xgb,0,random
CYCPEPTMPDB_PAMPA_001007,-6.39,-5.666365146636963,test,rdkit_full_xgb,0,random
CYCPEPTMPDB_PAMPA_000205,-4.51,-4.668892860412598,test,rdkit_full_xgb,0,random
CYCPEPTMPDB_PAMPA_003670,-5.84,-6.807577610015869,test,rdkit_full_xgb,0,random
CYCPEPTMPDB_PAMPA_002698,-5.0,-5.616806983947754,test,rdkit_full_xgb,0,random
CYCPEPTMPDB_PAMPA_006817,-6.2,-5.762728691101074,test,rdkit_full_xgb,0,random
CYCPEPTMPDB_PAMPA_003146,-10.0,-5.7903852462768555,test,rdkit_full_xgb,0,random
CYCPEPTMPDB_PAMPA_006787,-5.67,-5.936722278594971,test,rdkit_full_xgb,0,random
CYCPEPTMPDB_PAMPA_006521,-5.93,-5.522338390350342,test,rdkit_full_xgb,0,random
CYCPEPTMPDB_PAMPA_002784,-4.98,-5.232542514801025,test,rdkit_full_xgb,0,random
CYCPEPTMPDB_PAMPA_003728,-10.0,-5.507826805114746,test,rdkit_full_xgb,0,random
CYCPEPTMPDB_PAMPA_004788,-5.76,-5.737487316131592,test,rdkit_full_xgb,0,random
CYCPEPTMPDB_PAMPA_002332,-5.59,-5.670190334320068,test,rdkit_full_xgb,0,random
CYCPEPTMPDB_PAMPA_007066,-7.748735689,-7.663024425506592,test,rdkit_full_xgb,0,random
CYCPEPTMPDB_PAMPA_005173,-7.31,-6.930502891540527,test,rdkit_full_xgb,0,random
CYCPEPTMPDB_PAMPA_004710,-5.68,-6.583367347717285,test,rdkit_full_xgb,0,random
CYCPEPTMPDB_PAMPA_003601,-6.36,-6.021754264831543,test,rdkit_full_xgb,0,random
CYCPEPTMPDB_PAMPA_002958,-5.61,-7.059840202331543,test,rdkit_full_xgb,0,random
CYCPEPTMPDB_PAMPA_000606,-5.4,-5.412387371063232,test,rdkit_full_xgb,0,random
CYCPEPTMPDB_PAMPA_005417,-5.42,-5.6073737144470215,test,rdkit_full_xgb,0,random
CYCPEPTMPDB_PAMPA_006800,-6.74,-5.804030895233154,test,rdkit_full_xgb,0,random
CYCPEPTMPDB_PAMPA_002800,-4.81,-5.032127857208252,test,rdkit_full_xgb,0,random
CYCPEPTMPDB_PAMPA_000069,-4.42,-4.63123083114624,test,rdkit_full_xgb,0,random
CYCPEPTMPDB_PAMPA_001690,-8.0,-7.9873576164245605,test,rdkit_full_xgb,0,random
CYCPEPTMPDB_PAMPA_000323,-4.74,-4.659167766571045,test,rdkit_full_xgb,0,random
CYCPEPTMPDB_PAMPA_001252,-6.05,-6.100503444671631,test,rdkit_full_xgb,0,random
CYCPEPTMPDB_PAMPA_001298,-5.3,-6.1039628982543945,test,rdkit_full_xgb,0,random
CYCPEPTMPDB_PAMPA_005088,-5.03,-6.031845569610596,test,rdkit_full_xgb,0,random
CYCPEPTMPDB_PAMPA_006620,-5.41,-5.549709796905518,test,rdkit_full_xgb,0,random
CYCPEPTMPDB_PAMPA_005883,-5.09,-5.44507360458374,test,rdkit_full_xgb,0,random
CYCPEPTMPDB_PAMPA_000173,-5.85,-5.04768180847168,test,rdkit_full_xgb,0,random
CYCPEPTMPDB_PAMPA_003417,-10.0,-5.963783264160156,test,rdkit_full_xgb,0,random
CYCPEPTMPDB_PAMPA_004678,-5.54,-5.658100128173828,test,rdkit_full_xgb,0,random
CYCPEPTMPDB_PAMPA_002846,-4.78,-5.117208480834961,test,rdkit_full_xgb,0,random
CYCPEPTMPDB_PAMPA_006630,-5.52,-5.696044921875,test,rdkit_full_xgb,0,random
CYCPEPTMPDB_PAMPA_002991,-6.39,-6.554268836975098,test,rdkit_full_xgb,0,random
CYCPEPTMPDB_PAMPA_000189,-6.92,-6.458013534545898,test,rdkit_full_xgb,0,random
CYCPEPTMPDB_PAMPA_004945,-5.54,-6.296361446380615,test,rdkit_full_xgb,0,random
CYCPEPTMPDB_PAMPA_001389,-5.05,-6.377702713012695,test,rdkit_full_xgb,0,random
CYCPEPTMPDB_PAMPA_004806,-5.21,-5.341632843017578,test,rdkit_full_xgb,0,random
CYCPEPTMPDB_PAMPA_000944,-4.96,-5.447293281555176,test,rdkit_full_xgb,0,random
CYCPEPTMPDB_PAMPA_003553,-5.08,-5.552603721618652,test,rdkit_full_xgb,0,random
CYCPEPTMPDB_PAMPA_002267,-5.73,-6.133756160736084,test,rdkit_full_xgb,0,random
CYCPEPTMPDB_PAMPA_004850,-5.33,-5.9301934242248535,test,rdkit_full_xgb,0,random
CYCPEPTMPDB_PAMPA_002655,-5.5,-6.064405918121338,test,rdkit_full_xgb,0,random
CYCPEPTMPDB_PAMPA_005492,-6.52,-6.156463623046875,test,rdkit_full_xgb,0,random
CYCPEPTMPDB_PAMPA_001163,-8.59,-6.295355319976807,test,rdkit_full_xgb,0,random
CYCPEPTMPDB_PAMPA_000618,-4.82,-4.609673976898193,test,rdkit_full_xgb,0,random
CYCPEPTMPDB_PAMPA_003542,-6.25,-8.578837394714355,test,rdkit_full_xgb,0,random
CYCPEPTMPDB_PAMPA_002465,-5.37,-5.257833003997803,test,rdkit_full_xgb,0,random
CYCPEPTMPDB_PAMPA_006213,-5.93,-6.140288829803467,test,rdkit_full_xgb,0,random
CYCPEPTMPDB_PAMPA_005936,-7.06,-6.654498100280762,test,rdkit_full_xgb,0,random
CYCPEPTMPDB_PAMPA_005098,-7.0,-7.1630988121032715,test,rdkit_full_xgb,0,random
CYCPEPTMPDB_PAMPA_005929,-5.07,-5.571171760559082,test,rdkit_full_xgb,0,random
CYCPEPTMPDB_PAMPA_001948,-6.48,-6.00691032409668,test,rdkit_full_xgb,0,random
CYCPEPTMPDB_PAMPA_003550,-6.08,-8.578837394714355,test,rdkit_full_xgb,0,random
CYCPEPTMPDB_PAMPA_005803,-6.6,-6.930502891540527,test,rdkit_full_xgb,0,random
CYCPEPTMPDB_PAMPA_003083,-5.63,-5.53221321105957,test,rdkit_full_xgb,0,random
CYCPEPTMPDB_PAMPA_003290,-5.45,-5.951809883117676,test,rdkit_full_xgb,0,random
CYCPEPTMPDB_PAMPA_005886,-6.92,-6.930502891540527,test,rdkit_full_xgb,0,random
CYCPEPTMPDB_PAMPA_002330,-5.28,-5.774454593658447,test,rdkit_full_xgb,0,random
CYCPEPTMPDB_PAMPA_001230,-5.28,-5.774922847747803,test,rdkit_full_xgb,0,random
CYCPEPTMPDB_PAMPA_000772,-4.85,-4.734086036682129,test,rdkit_full_xgb,0,random
CYCPEPTMPDB_PAMPA_000720,-5.0,-4.964738368988037,test,rdkit_full_xgb,0,random
CYCPEPTMPDB_PAMPA_005757,-5.75,-5.595350742340088,test,rdkit_full_xgb,0,random
CYCPEPTMPDB_PAMPA_003359,-5.86,-7.015352249145508,test,rdkit_full_xgb,0,random
CYCPEPTMPDB_PAMPA_002301,-4.82,-4.982776165008545,test,rdkit_full_xgb,0,random
CYCPEPTMPDB_PAMPA_002225,-6.11,-5.639267921447754,test,rdkit_full_xgb,0,random
CYCPEPTMPDB_PAMPA_005142,-4.6,-5.810844421386719,test,rdkit_full_xgb,0,random
CYCPEPTMPDB_PAMPA_001698,-5.42,-5.255732536315918,test,rdkit_full_xgb,0,random
CYCPEPTMPDB_PAMPA_001650,-7.17,-6.410078048706055,test,rdkit_full_xgb,0,random
CYCPEPTMPDB_PAMPA_000929,-5.22,-6.711482524871826,test,rdkit_full_xgb,0,random
CYCPEPTMPDB_PAMPA_005558,-5.94,-6.140288829803467,test,rdkit_full_xgb,0,random
CYCPEPTMPDB_PAMPA_001215,-6.42,-6.576505661010742,test,rdkit_full_xgb,0,random
CYCPEPTMPDB_PAMPA_000706,-4.6,-4.500774383544922,test,rdkit_full_xgb,0,random
CYCPEPTMPDB_PAMPA_003525,-6.09,-6.1265435218811035,test,rdkit_full_xgb,0,random
CYCPEPTMPDB_PAMPA_001708,-7.19,-7.168043613433838,test,rdkit_full_xgb,0,random
CYCPEPTMPDB_PAMPA_006327,-4.93,-5.234107494354248,test,rdkit_full_xgb,0,random
CYCPEPTMPDB_PAMPA_003399,-4.0,-6.211451530456543,test,rdkit_full_xgb,0,random
CYCPEPTMPDB_PAMPA_004067,-5.92,-6.8117499351501465,test,rdkit_full_xgb,0,random
CYCPEPTMPDB_PAMPA_003977,-10.0,-7.180874824523926,test,rdkit_full_xgb,0,random
CYCPEPTMPDB_PAMPA_005246,-5.24,-5.6189866065979,test,rdkit_full_xgb,0,random
CYCPEPTMPDB_PAMPA_007144,-6.141601573,-7.250205993652344,test,rdkit_full_xgb,0,random
CYCPEPTMPDB_PAMPA_002218,-5.43,-5.639267921447754,test,rdkit_full_xgb,0,random
CYCPEPTMPDB_PAMPA_001082,-5.47,-5.55773401260376,test,rdkit_full_xgb,0,random
CYCPEPTMPDB_PAMPA_006897,-6.71,-6.514956474304199,test,rdkit_full_xgb,0,random
CYCPEPTMPDB_PAMPA_000021,-6.25,-5.256969451904297,test,rdkit_full_xgb,0,random
CYCPEPTMPDB_PAMPA_000184,-4.66,-4.59683895111084,test,rdkit_full_xgb,0,random
CYCPEPTMPDB_PAMPA_000100,-6.35,-5.673355579376221,test,rdkit_full_xgb,0,random
CYCPEPTMPDB_PAMPA_006919,-5.98,-5.695652961730957,test,rdkit_full_xgb,0,random
CYCPEPTMPDB_PAMPA_002279,-4.99,-5.26943302154541,test,rdkit_full_xgb,0,random
CYCPEPTMPDB_PAMPA_005389,-6.75,-6.654498100280762,test,rdkit_full_xgb,0,random
CYCPEPTMPDB_PAMPA_001000,-5.64,-6.073788166046143,test,rdkit_full_xgb,0,random
CYCPEPTMPDB_PAMPA_006789,-5.67,-6.082858085632324,test,rdkit_full_xgb,0,random
CYCPEPTMPDB_PAMPA_000309,-4.36,-4.883495807647705,test,rdkit_full_xgb,0,random
CYCPEPTMPDB_PAMPA_001305,-6.22,-6.299417495727539,test,rdkit_full_xgb,0,random
CYCPEPTMPDB_PAMPA_003838,-10.0,-8.578837394714355,test,rdkit_full_xgb,0,random
CYCPEPTMPDB_PAMPA_005775,-5.6,-5.571171760559082,test,rdkit_full_xgb,0,random
CYCPEPTMPDB_PAMPA_005370,-5.78,-5.873081207275391,test,rdkit_full_xgb,0,random
CYCPEPTMPDB_PAMPA_000586,-4.31,-4.8484063148498535,test,rdkit_full_xgb,0,random
CYCPEPTMPDB_PAMPA_003076,-6.05,-6.33746337890625,test,rdkit_full_xgb,0,random
CYCPEPTMPDB_PAMPA_001938,-5.3,-5.634090900421143,test,rdkit_full_xgb,0,random
CYCPEPTMPDB_PAMPA_005026,-10.0,-7.481184005737305,test,rdkit_full_xgb,0,random
CYCPEPTMPDB_PAMPA_005346,-6.24,-5.873081207275391,test,rdkit_full_xgb,0,random
CYCPEPTMPDB_PAMPA_006126,-5.62,-5.595350742340088,test,rdkit_full_xgb,0,random
CYCPEPTMPDB_PAMPA_003806,-5.78,-5.367262363433838,test,rdkit_full_xgb,0,random
CYCPEPTMPDB_PAMPA_006512,-7.47,-7.145854949951172,test,rdkit_full_xgb,0,random
CYCPEPTMPDB_PAMPA_003854,-6.18,-6.945895671844482,test,rdkit_full_xgb,0,random
CYCPEPTMPDB_PAMPA_001806,-5.09,-5.397655487060547,test,rdkit_full_xgb,0,random
CYCPEPTMPDB_PAMPA_002355,-5.88,-6.117271423339844,test,rdkit_full_xgb,0,random
CYCPEPTMPDB_PAMPA_004015,-5.65,-5.602900981903076,test,rdkit_full_xgb,0,random
CYCPEPTMPDB_PAMPA_003470,-6.44,-6.5093607902526855,test,rdkit_full_xgb,0,random
CYCPEPTMPDB_PAMPA_003222,-5.63,-6.237281799316406,test,rdkit_full_xgb,0,random
CYCPEPTMPDB_PAMPA_007192,-6.011218011,-7.250205993652344,test,rdkit_full_xgb,0,random
CYCPEPTMPDB_PAMPA_000473,-4.62,-4.799490928649902,test,rdkit_full_xgb,0,random
CYCPEPTMPDB_PAMPA_005818,-6.85,-6.0997538566589355,test,rdkit_full_xgb,0,random
CYCPEPTMPDB_PAMPA_003773,-10.0,-5.759355545043945,test,rdkit_full_xgb,0,random
CYCPEPTMPDB_PAMPA_006525,-5.61,-5.522338390350342,test,rdkit_full_xgb,0,random
CYCPEPTMPDB_PAMPA_004755,-10.0,-5.835024356842041,test,rdkit_full_xgb,0,random
CYCPEPTMPDB_PAMPA_003712,-5.81,-6.574135780334473,test,rdkit_full_xgb,0,random
CYCPEPTMPDB_PAMPA_001396,-5.71,-6.0285325050354,test,rdkit_full_xgb,0,random
CYCPEPTMPDB_PAMPA_005659,-6.69,-6.654498100280762,test,rdkit_full_xgb,0,random
CYCPEPTMPDB_PAMPA_006946,-5.13,-5.6595563888549805,test,rdkit_full_xgb,0,random
CYCPEPTMPDB_PAMPA_000516,-4.68,-4.622437953948975,test,rdkit_full_xgb,0,random
CYCPEPTMPDB_PAMPA_000090,-4.35,-4.495254993438721,test,rdkit_full_xgb,0,random
CYCPEPTMPDB_PAMPA_000299,-4.52,-4.5510382652282715,test,rdkit_full_xgb,0,random
CYCPEPTMPDB_PAMPA_000903,-6.39,-5.481190204620361,test,rdkit_full_xgb,0,random
CYCPEPTMPDB_PAMPA_004184,-5.88,-5.552603721618652,test,rdkit_full_xgb,0,random
CYCPEPTMPDB_PAMPA_005642,-5.43,-5.595350742340088,test,rdkit_full_xgb,0,random
CYCPEPTMPDB_PAMPA_003688,-5.47,-6.166075706481934,test,rdkit_full_xgb,0,random
CYCPEPTMPDB_PAMPA_002462,-6.47,-6.064405918121338,test,rdkit_full_xgb,0,random
CYCPEPTMPDB_PAMPA_002161,-5.39,-5.505332946777344,test,rdkit_full_xgb,0,random
CYCPEPTMPDB_PAMPA_005944,-5.05,-5.44507360458374,test,rdkit_full_xgb,0,random
CYCPEPTMPDB_PAMPA_003870,-10.0,-5.759355545043945,test,rdkit_full_xgb,0,random
CYCPEPTMPDB_PAMPA_005022,-10.0,-6.230260848999023,test,rdkit_full_xgb,0,random
CYCPEPTMPDB_PAMPA_002144,-5.81,-5.542750358581543,test,rdkit_full_xgb,0,random
CYCPEPTMPDB_PAMPA_002632,-6.61,-5.997389316558838,test,rdkit_full_xgb,0,random
CYCPEPTMPDB_PAMPA_000037,-4.7,-4.960651874542236,test,rdkit_full_xgb,0,random
CYCPEPTMPDB_PAMPA_006065,-5.29,-6.0004119873046875,test,rdkit_full_xgb,0,random
CYCPEPTMPDB_PAMPA_003990,-6.16,-6.296361446380615,test,rdkit_full_xgb,0,random
CYCPEPTMPDB_PAMPA_006821,-6.04,-5.656106948852539,test,rdkit_full_xgb,0,random
CYCPEPTMPDB_PAMPA_005326,-6.04,-5.6189866065979,test,rdkit_full_xgb,0,random
CYCPEPTMPDB_PAMPA_006346,-6.33,-6.350743293762207,test,rdkit_full_xgb,0,random
CYCPEPTMPDB_PAMPA_002210,-5.1,-4.982776165008545,test,rdkit_full_xgb,0,random
CYCPEPTMPDB_PAMPA_002509,-6.22,-6.196269512176514,test,rdkit_full_xgb,0,random
CYCPEPTMPDB_PAMPA_005931,-5.56,-6.0004119873046875,test,rdkit_full_xgb,0,random
CYCPEPTMPDB_PAMPA_004383,-5.91,-6.296437740325928,test,rdkit_full_xgb,0,random
CYCPEPTMPDB_PAMPA_001492,-6.76,-7.168043613433838,test,rdkit_full_xgb,0,random
CYCPEPTMPDB_PAMPA_006936,-10.0,-6.997754096984863,test,rdkit_full_xgb,0,random
CYCPEPTMPDB_PAMPA_000375,-5.35,-4.861035346984863,test,rdkit_full_xgb,0,random
CYCPEPTMPDB_PAMPA_004923,-7.08,-7.180874824523926,test,rdkit_full_xgb,0,random
CYCPEPTMPDB_PAMPA_001418,-6.67,-5.49885368347168,test,rdkit_full_xgb,0,random
CYCPEPTMPDB_PAMPA_006675,-5.83,-5.964949607849121,test,rdkit_full_xgb,0,random
CYCPEPTMPDB_PAMPA_004630,-5.39,-5.341632843017578,test,rdkit_full_xgb,0,random
CYCPEPTMPDB_PAMPA_005075,-5.32,-5.756163120269775,test,rdkit_full_xgb,0,random
CYCPEPTMPDB_PAMPA_004151,-5.32,-5.367262363433838,test,rdkit_full_xgb,0,random
CYCPEPTMPDB_PAMPA_005132,-7.18,-6.9256815910339355,test,rdkit_full_xgb,0,random
CYCPEPTMPDB_PAMPA_003020,-6.04,-5.435994625091553,test,rdkit_full_xgb,0,random
CYCPEPTMPDB_PAMPA_006577,-6.85,-6.52346658706665,test,rdkit_full_xgb,0,random
CYCPEPTMPDB_PAMPA_001267,-5.94,-6.373504638671875,test,rdkit_full_xgb,0,random
CYCPEPTMPDB_PAMPA_004553,-6.14,-5.8168792724609375,test,rdkit_full_xgb,0,random
CYCPEPTMPDB_PAMPA_001746,-5.3,-5.975053787231445,test,rdkit_full_xgb,0,random
CYCPEPTMPDB_PAMPA_003956,-6.69,-5.893491268157959,test,rdkit_full_xgb,0,random
CYCPEPTMPDB_PAMPA_001221,-5.27,-6.054821968078613,test,rdkit_full_xgb,0,random
CYCPEPTMPDB_PAMPA_006905,-5.05,-5.84330940246582,test,rdkit_full_xgb,0,random
CYCPEPTMPDB_PAMPA_001248,-5.84,-6.382798671722412,test,rdkit_full_xgb,0,random
CYCPEPTMPDB_PAMPA_002037,-5.0,-5.171211242675781,test,rdkit_full_xgb,0,random
CYCPEPTMPDB_PAMPA_001522,-5.44,-5.914872646331787,test,rdkit_full_xgb,0,random
CYCPEPTMPDB_PAMPA_002222,-4.83,-4.982776165008545,test,rdkit_full_xgb,0,random
CYCPEPTMPDB_PAMPA_001511,-5.84,-6.007191181182861,test,rdkit_full_xgb,0,random
CYCPEPTMPDB_PAMPA_003011,-5.4,-5.492374897003174,test,rdkit_full_xgb,0,random
CYCPEPTMPDB_PAMPA_004860,-5.56,-5.613617420196533,test,rdkit_full_xgb,0,random
CYCPEPTMPDB_PAMPA_000145,-4.59,-4.610769271850586,test,rdkit_full_xgb,0,random
CYCPEPTMPDB_PAMPA_007077,-10.0,-6.377838134765625,test,rdkit_full_xgb,0,random
CYCPEPTMPDB_PAMPA_005210,-5.4,-5.595350742340088,test,rdkit_full_xgb,0,random
CYCPEPTMPDB_PAMPA_002771,-5.16,-5.232464790344238,test,rdkit_full_xgb,0,random
CYCPEPTMPDB_PAMPA_004635,-6.59,-6.989378929138184,test,rdkit_full_xgb,0,random
CYCPEPTMPDB_PAMPA_005179,-6.94,-6.140288829803467,test,rdkit_full_xgb,0,random
CYCPEPTMPDB_PAMPA_001481,-5.5,-5.39389705657959,test,rdkit_full_xgb,0,random
CYCPEPTMPDB_PAMPA_006746,-6.08,-5.731893062591553,test,rdkit_full_xgb,0,random
CYCPEPTMPDB_PAMPA_001484,-4.92,-4.9868574142456055,test,rdkit_full_xgb,0,random
CYCPEPTMPDB_PAMPA_005935,-5.62,-5.6189866065979,test,rdkit_full_xgb,0,random
CYCPEPTMPDB_PAMPA_001662,-4.9,-5.255732536315918,test,rdkit_full_xgb,0,random
CYCPEPTMPDB_PAMPA_004942,-5.83,-6.8117499351501465,test,rdkit_full_xgb,0,random
CYCPEPTMPDB_PAMPA_006052,-5.49,-5.595350742340088,test,rdkit_full_xgb,0,random
CYCPEPTMPDB_PAMPA_000466,-5.43,-4.954487323760986,test,rdkit_full_xgb,0,random
CYCPEPTMPDB_PAMPA_000117,-4.41,-4.618931770324707,test,rdkit_full_xgb,0,random
CYCPEPTMPDB_PAMPA_005565,-5.38,-5.6189866065979,test,rdkit_full_xgb,0,random
CYCPEPTMPDB_PAMPA_007258,-6.796537103,-6.435952186584473,test,rdkit_full_xgb,0,random
CYCPEPTMPDB_PAMPA_004525,-6.25,-5.82213020324707,test,rdkit_full_xgb,0,random
CYCPEPTMPDB_PAMPA_003086,-6.15,-5.887458801269531,test,rdkit_full_xgb,0,random
CYCPEPTMPDB_PAMPA_001423,-5.38,-6.130766868591309,test,rdkit_full_xgb,0,random
CYCPEPTMPDB_PAMPA_004141,-5.91,-6.166075706481934,test,rdkit_full_xgb,0,random
CYCPEPTMPDB_PAMPA_005327,-5.99,-6.382851600646973,test,rdkit_full_xgb,0,random
CYCPEPTMPDB_PAMPA_002736,-5.11,-5.497974395751953,test,rdkit_full_xgb,0,random
CYCPEPTMPDB_PAMPA_006558,-5.4,-5.24884033203125,test,rdkit_full_xgb,0,random
CYCPEPTMPDB_PAMPA_004389,-5.81,-7.429464817047119,test,rdkit_full_xgb,0,random
CYCPEPTMPDB_PAMPA_001732,-6.15,-6.15716552734375,test,rdkit_full_xgb,0,random
CYCPEPTMPDB_PAMPA_006552,-5.47,-5.24884033203125,test,rdkit_full_xgb,0,random
CYCPEPTMPDB_PAMPA_005122,-5.92,-5.865734577178955,test,rdkit_full_xgb,0,random
CYCPEPTMPDB_PAMPA_000397,-4.54,-4.68436336517334,test,rdkit_full_xgb,0,random
CYCPEPTMPDB_PAMPA_003117,-6.36,-5.341632843017578,test,rdkit_full_xgb,0,random
CYCPEPTMPDB_PAMPA_002095,-4.84,-5.873047828674316,test,rdkit_full_xgb,0,random
CYCPEPTMPDB_PAMPA_000577,-4.44,-5.089308738708496,test,rdkit_full_xgb,0,random
CYCPEPTMPDB_PAMPA_000551,-4.6,-5.161920070648193,test,rdkit_full_xgb,0,random
CYCPEPTMPDB_PAMPA_004745,-5.5,-5.438261985778809,test,rdkit_full_xgb,0,random
CYCPEPTMPDB_PAMPA_003497,-5.69,-5.65928316116333,test,rdkit_full_xgb,0,random
CYCPEPTMPDB_PAMPA_005736,-5.49,-5.44507360458374,test,rdkit_full_xgb,0,random
CYCPEPTMPDB_PAMPA_002398,-5.56,-6.181741714477539,test,rdkit_full_xgb,0,random
CYCPEPTMPDB_PAMPA_000713,-4.43,-4.7101545333862305,test,rdkit_full_xgb,0,random
CYCPEPTMPDB_PAMPA_002980,-5.64,-5.960850715637207,test,rdkit_full_xgb,0,random
CYCPEPTMPDB_PAMPA_005057,-5.51,-5.284234523773193,test,rdkit_full_xgb,0,random
CYCPEPTMPDB_PAMPA_001284,-6.11,-6.432397365570068,test,rdkit_full_xgb,0,random
CYCPEPTMPDB_PAMPA_000295,-4.32,-4.657711029052734,test,rdkit_full_xgb,0,random
CYCPEPTMPDB_PAMPA_001765,-5.4,-5.073947429656982,test,rdkit_full_xgb,0,random
CYCPEPTMPDB_PAMPA_001081,-5.38,-5.751478672027588,test,rdkit_full_xgb,0,random
CYCPEPTMPDB_PAMPA_001184,-6.67,-6.28305721282959,test,rdkit_full_xgb,0,random
CYCPEPTMPDB_PAMPA_001350,-7.41,-6.560179233551025,test,rdkit_full_xgb,0,random
CYCPEPTMPDB_PAMPA_002310,-4.83,-4.995504379272461,test,rdkit_full_xgb,0,random
CYCPEPTMPDB_PAMPA_003510,-5.04,-5.284234523773193,test,rdkit_full_xgb,0,random
CYCPEPTMPDB_PAMPA_005703,-7.6,-6.930502891540527,test,rdkit_full_xgb,0,random
CYCPEPTMPDB_PAMPA_003190,-5.91,-6.140939235687256,test,rdkit_full_xgb,0,random
CYCPEPTMPDB_PAMPA_002528,-6.58,-6.591151237487793,test,rdkit_full_xgb,0,random
CYCPEPTMPDB_PAMPA_006781,-6.62,-6.3681182861328125,test,rdkit_full_xgb,0,random
CYCPEPTMPDB_PAMPA_004445,-5.17,-5.351275444030762,test,rdkit_full_xgb,0,random
CYCPEPTMPDB_PAMPA_003988,-6.08,-6.296361446380615,test,rdkit_full_xgb,0,random
CYCPEPTMPDB_PAMPA_002064,-6.19,-5.505332946777344,test,rdkit_full_xgb,0,random
CYCPEPTMPDB_PAMPA_007212,-6.342776851,-5.589272499084473,test,rdkit_full_xgb,0,random
CYCPEPTMPDB_PAMPA_003586,-5.58,-6.260326385498047,test,rdkit_full_xgb,0,random
CYCPEPTMPDB_PAMPA_002810,-5.75,-5.960850715637207,test,rdkit_full_xgb,0,random
CYCPEPTMPDB_PAMPA_006131,-5.7,-5.44507360458374,test,rdkit_full_xgb,0,random
CYCPEPTMPDB_PAMPA_003397,-5.79,-6.296361446380615,test,rdkit_full_xgb,0,random
CYCPEPTMPDB_PAMPA_004167,-5.8,-5.507826805114746,test,rdkit_full_xgb,0,random
CYCPEPTMPDB_PAMPA_003523,-4.95,-5.284234523773193,test,rdkit_full_xgb,0,random
CYCPEPTMPDB_PAMPA_001916,-5.55,-6.219322681427002,test,rdkit_full_xgb,0,random
CYCPEPTMPDB_PAMPA_006275,-5.4,-5.259239673614502,test,rdkit_full_xgb,0,random
CYCPEPTMPDB_PAMPA_005940,-5.44,-5.6189866065979,test,rdkit_full_xgb,0,random
CYCPEPTMPDB_PAMPA_001157,-6.82,-5.836669445037842,test,rdkit_full_xgb,0,random
CYCPEPTMPDB_PAMPA_006455,-5.47,-5.291410446166992,test,rdkit_full_xgb,0,random
CYCPEPTMPDB_PAMPA_007045,-6.801366448,-6.277997970581055,test,rdkit_full_xgb,0,random
CYCPEPTMPDB_PAMPA_001513,-5.49,-5.569658279418945,test,rdkit_full_xgb,0,random
CYCPEPTMPDB_PAMPA_001654,-7.39,-7.9873576164245605,test,rdkit_full_xgb,0,random
CYCPEPTMPDB_PAMPA_006911,-7.5,-6.5808796882629395,test,rdkit_full_xgb,0,random
CYCPEPTMPDB_PAMPA_002677,-4.99,-5.213294982910156,test,rdkit_full_xgb,0,random
CYCPEPTMPDB_PAMPA_000033,-4.8,-4.615718841552734,test,rdkit_full_xgb,0,random
CYCPEPTMPDB_PAMPA_004674,-5.17,-5.9301934242248535,test,rdkit_full_xgb,0,random
CYCPEPTMPDB_PAMPA_001381,-6.58,-6.047130584716797,test,rdkit_full_xgb,0,random
CYCPEPTMPDB_PAMPA_000711,-4.34,-4.621065616607666,test,rdkit_full_xgb,0,random
CYCPEPTMPDB_PAMPA_005714,-5.93,-6.140288829803467,test,rdkit_full_xgb,0,random
CYCPEPTMPDB_PAMPA_003647,-5.17,-5.756163120269775,test,rdkit_full_xgb,0,random
CYCPEPTMPDB_PAMPA_006690,-5.9,-4.7183756828308105,test,rdkit_full_xgb,0,random
CYCPEPTMPDB_PAMPA_005170,-5.98,-6.0997538566589355,test,rdkit_full_xgb,0,random
CYCPEPTMPDB_PAMPA_002546,-5.3,-6.117271423339844,test,rdkit_full_xgb,0,random
CYCPEPTMPDB_PAMPA_001292,-7.99,-7.448243141174316,test,rdkit_full_xgb,0,random
CYCPEPTMPDB_PAMPA_004535,-5.4,-5.581498146057129,test,rdkit_full_xgb,0,random
CYCPEPTMPDB_PAMPA_001242,-5.76,-5.813741207122803,test,rdkit_full_xgb,0,random
CYCPEPTMPDB_PAMPA_002985,-5.45,-6.300869464874268,test,rdkit_full_xgb,0,random
CYCPEPTMPDB_PAMPA_001134,-6.08,-5.8634724617004395,test,rdkit_full_xgb,0,random
CYCPEPTMPDB_PAMPA_006624,-5.58,-5.801760196685791,test,rdkit_full_xgb,0,random
CYCPEPTMPDB_PAMPA_006776,-7.48,-5.912504196166992,test,rdkit_full_xgb,0,random
CYCPEPTMPDB_PAMPA_003264,-6.25,-6.230260848999023,test,rdkit_full_xgb,0,random
CYCPEPTMPDB_PAMPA_001672,-7.68,-7.168043613433838,test,rdkit_full_xgb,0,random
CYCPEPTMPDB_PAMPA_000383,-6.05,-4.934131145477295,test,rdkit_full_xgb,0,random
CYCPEPTMPDB_PAMPA_002882,-5.07,-5.304436683654785,test,rdkit_full_xgb,0,random
CYCPEPTMPDB_PAMPA_000455,-4.68,-4.732668876647949,test,rdkit_full_xgb,0,random
CYCPEPTMPDB_PAMPA_004629,-5.19,-5.627614974975586,test,rdkit_full_xgb,0,random
CYCPEPTMPDB_PAMPA_003727,-6.03,-5.507826805114746,test,rdkit_full_xgb,0,random
CYCPEPTMPDB_PAMPA_006619,-5.59,-5.526954174041748,test,rdkit_full_xgb,0,random
CYCPEPTMPDB_PAMPA_004487,-5.23,-5.6282877922058105,test,rdkit_full_xgb,0,random
CYCPEPTMPDB_PAMPA_003334,-5.31,-5.556117534637451,test,rdkit_full_xgb,0,random
CYCPEPTMPDB_PAMPA_003433,-5.01,-5.602900981903076,test,rdkit_full_xgb,0,random
CYCPEPTMPDB_PAMPA_004443,-6.27,-5.82213020324707,test,rdkit_full_xgb,0,random
CYCPEPTMPDB_PAMPA_003078,-5.82,-6.33746337890625,test,rdkit_full_xgb,0,random
CYCPEPTMPDB_PAMPA_003839,-10.0,-5.552603721618652,test,rdkit_full_xgb,0,random
CYCPEPTMPDB_PAMPA_003951,-5.26,-5.412580966949463,test,rdkit_full_xgb,0,random
CYCPEPTMPDB_PAMPA_001424,-6.66,-5.577220439910889,test,rdkit_full_xgb,0,random
CYCPEPTMPDB_PAMPA_004382,-7.46,-7.585404872894287,test,rdkit_full_xgb,0,random
CYCPEPTMPDB_PAMPA_001799,-5.32,-5.419196128845215,test,rdkit_full_xgb,0,random
CYCPEPTMPDB_PAMPA_004009,-10.0,-7.294262409210205,test,rdkit_full_xgb,0,random
CYCPEPTMPDB_PAMPA_007204,-7.256712707,-7.250205993652344,test,rdkit_full_xgb,0,random
CYCPEPTMPDB_PAMPA_005837,-5.84,-6.140288829803467,test,rdkit_full_xgb,0,random
CYCPEPTMPDB_PAMPA_005253,-5.3,-5.6073737144470215,test,rdkit_full_xgb,0,random
CYCPEPTMPDB_PAMPA_006434,-5.12,-5.151552200317383,test,rdkit_full_xgb,0,random
CYCPEPTMPDB_PAMPA_001287,-10.0,-9.23034381866455,test,rdkit_full_xgb,0,random
CYCPEPTMPDB_PAMPA_005442,-5.77,-5.571171760559082,test,rdkit_full_xgb,0,random
CYCPEPTMPDB_PAMPA_001097,-4.93,-5.316113471984863,test,rdkit_full_xgb,0,random
CYCPEPTMPDB_PAMPA_006112,-6.09,-6.156463623046875,test,rdkit_full_xgb,0,random
CYCPEPTMPDB_PAMPA_002264,-5.92,-5.77540397644043,test,rdkit_full_xgb,0,random
CYCPEPTMPDB_PAMPA_003395,-10.0,-6.8117499351501465,test,rdkit_full_xgb,0,random
CYCPEPTMPDB_PAMPA_001845,-5.09,-5.067222595214844,test,rdkit_full_xgb,0,random
CYCPEPTMPDB_PAMPA_005042,-5.82,-6.166075706481934,test,rdkit_full_xgb,0,random
CYCPEPTMPDB_PAMPA_004244,-5.94,-6.067089557647705,test,rdkit_full_xgb,0,random
