sample_id,y_true,y_pred,split,seed,feature_set,estimator,sequence
CYCPEPTMPDB_PAMPA_005509,-6.53,-5.896462683191952,test,1,Chem+Site,svr,PLTLLLALP
CYCPEPTMPDB_PAMPA_005855,-5.44,-5.4725629582643425,test,1,Chem+Site,svr,PLTLLLALP
CYCPEPTMPDB_PAMPA_002244,-5.13,-5.2333957046527795,test,1,Chem+Site,svr,GLGPLF
CYCPEPTMPDB_PAMPA_004000,-5.68,-5.8962621429122715,test,1,Chem+Site,svr,PALLPLF
CYCPEPTMPDB_PAMPA_004501,-5.67,-5.575795245915681,test,1,Chem+Site,svr,PFLLPLF
CYCPEPTMPDB_PAMPA_003120,-4.96,-5.597613620146115,test,1,Chem+Site,svr,PGLLPGF
CYCPEPTMPDB_PAMPA_002160,-5.39,-5.370924867193552,test,1,Chem+Site,svr,FLLPGF
CYCPEPTMPDB_PAMPA_007035,-5.977700281,-6.2477923121694126,test,1,Chem+Site,svr,AALAGLAL
CYCPEPTMPDB_PAMPA_005435,-7.16,-6.89619805569521,test,1,Chem+Site,svr,PLTLLLALP
CYCPEPTMPDB_PAMPA_006317,-5.07,-5.1021320584664895,test,1,Chem+Site,svr,PTLLLLALP
CYCPEPTMPDB_PAMPA_005335,-5.93,-5.383405180443209,test,1,Chem+Site,svr,PLTLLLALP
CYCPEPTMPDB_PAMPA_003627,-5.67,-5.910074730945736,test,1,Chem+Site,svr,PALLPGF
CYCPEPTMPDB_PAMPA_002410,-6.28,-6.145627664047349,test,1,Chem+Site,svr,ALFPLF
CYCPEPTMPDB_PAMPA_004024,-6.32,-6.141473325460543,test,1,Chem+Site,svr,PALGPLF
CYCPEPTMPDB_PAMPA_007170,-7.04137438,-6.758896840250997,test,1,Chem+Site,svr,VGLPALAL
CYCPEPTMPDB_PAMPA_001488,-5.41,-5.201121516730128,test,1,Chem+Site,svr,FGLLP
CYCPEPTMPDB_PAMPA_001495,-4.88,-4.971039109002135,test,1,Chem+Site,svr,AGLLP
CYCPEPTMPDB_PAMPA_005354,-6.15,-6.139040575606224,test,1,Chem+Site,svr,PLTLLLALP
CYCPEPTMPDB_PAMPA_002227,-5.01,-5.585314022634201,test,1,Chem+Site,svr,GLLPGF
CYCPEPTMPDB_PAMPA_000798,-4.26,-4.666123995498531,test,1,Chem+Site,svr,GLIAFTFLP
CYCPEPTMPDB_PAMPA_003640,-5.18,-5.798835874779779,test,1,Chem+Site,svr,PALLPGF
CYCPEPTMPDB_PAMPA_002924,-6.19,-5.322966207273925,test,1,Chem+Site,svr,ALLPLF
CYCPEPTMPDB_PAMPA_000739,-4.22,-4.443258162959444,test,1,Chem+Site,svr,VFALTALSA
CYCPEPTMPDB_PAMPA_000738,-4.6,-4.487108667830032,test,1,Chem+Site,svr,ALLTGSLIA
CYCPEPTMPDB_PAMPA_000703,-5.52,-5.814181458616215,test,1,Chem+Site,svr,ATGFFAPLAAA
CYCPEPTMPDB_PAMPA_005840,-5.3,-5.49958851062576,test,1,Chem+Site,svr,PLTLLLALP
CYCPEPTMPDB_PAMPA_003915,-4.97,-5.354101214497633,test,1,Chem+Site,svr,PGLLPLF
CYCPEPTMPDB_PAMPA_004676,-6.29,-5.628353862832801,test,1,Chem+Site,svr,PFLLPLF
CYCPEPTMPDB_PAMPA_000239,-4.32,-4.405379528633999,test,1,Chem+Site,svr,VFLIAFTALD
CYCPEPTMPDB_PAMPA_001604,-6.27,-6.220810376299319,test,1,Chem+Site,svr,ALLP
CYCPEPTMPDB_PAMPA_003850,-5.72,-5.7485697277942185,test,1,Chem+Site,svr,PAGLPLF
CYCPEPTMPDB_PAMPA_001369,-7.42,-6.8699769794320895,test,1,Chem+Site,svr,FGLLP
CYCPEPTMPDB_PAMPA_002466,-5.3,-5.137210653019585,test,1,Chem+Site,svr,ALLPLF
CYCPEPTMPDB_PAMPA_006822,-5.37,-5.613988042345099,test,1,Chem+Site,svr,AGPFFFFAFP
CYCPEPTMPDB_PAMPA_006841,-5.83,-6.075299775697848,test,1,Chem+Site,svr,PFIPLLLPPAAI
CYCPEPTMPDB_PAMPA_003233,-6.43,-6.344624145513887,test,1,Chem+Site,svr,PALLPLF
CYCPEPTMPDB_PAMPA_002166,-5.72,-5.471011534376025,test,1,Chem+Site,svr,FLFPLF
CYCPEPTMPDB_PAMPA_006501,-6.64,-6.413167758511788,test,1,Chem+Site,svr,TPLLLLALP
CYCPEPTMPDB_PAMPA_004047,-5.69,-5.913635005808719,test,1,Chem+Site,svr,PALFPLF
CYCPEPTMPDB_PAMPA_005616,-7.14,-6.953594369471623,test,1,Chem+Site,svr,PLTLLLALP
CYCPEPTMPDB_PAMPA_004038,-5.24,-5.900157168720875,test,1,Chem+Site,svr,PAGLPLF
CYCPEPTMPDB_PAMPA_000661,-4.59,-4.826506997694919,test,1,Chem+Site,svr,LFGLTLD
CYCPEPTMPDB_PAMPA_000078,-4.66,-4.751802520281163,test,1,Chem+Site,svr,AAFLVIGFTALD
CYCPEPTMPDB_PAMPA_003612,-5.79,-5.474813780880316,test,1,Chem+Site,svr,PALLPLF
CYCPEPTMPDB_PAMPA_005393,-6.11,-5.641651391436065,test,1,Chem+Site,svr,PLTLLLALP
CYCPEPTMPDB_PAMPA_001108,-5.7,-5.542211085678828,test,1,Chem+Site,svr,LGLLPG
CYCPEPTMPDB_PAMPA_005922,-5.17,-5.430070915589728,test,1,Chem+Site,svr,PLTLLLALP
CYCPEPTMPDB_PAMPA_002626,-10.0,-6.131095270725807,test,1,Chem+Site,svr,ALLPLF
CYCPEPTMPDB_PAMPA_005112,-7.49,-6.681348080214926,test,1,Chem+Site,svr,ALG
CYCPEPTMPDB_PAMPA_004434,-5.31,-5.334656820082068,test,1,Chem+Site,svr,PFLLPLF
CYCPEPTMPDB_PAMPA_003393,-5.83,-6.297142000939799,test,1,Chem+Site,svr,PALLPLF
CYCPEPTMPDB_PAMPA_006721,-5.18,-5.415597233208023,test,1,Chem+Site,svr,LPLLPPL
CYCPEPTMPDB_PAMPA_000172,-4.55,-4.4437175993961215,test,1,Chem+Site,svr,AAFLTGVLLDFA
CYCPEPTMPDB_PAMPA_005593,-6.34,-6.308136473383625,test,1,Chem+Site,svr,PLTLLLALP
CYCPEPTMPDB_PAMPA_006597,-5.97,-5.7484778335217275,test,1,Chem+Site,svr,PLTFYAALP
CYCPEPTMPDB_PAMPA_001853,-5.68,-5.360665235710522,test,1,Chem+Site,svr,AGLVLAALLVT
CYCPEPTMPDB_PAMPA_004993,-6.17,-6.015781430073679,test,1,Chem+Site,svr,PALFPLF
CYCPEPTMPDB_PAMPA_005566,-5.13,-5.707689538221117,test,1,Chem+Site,svr,PLTLLLALP
CYCPEPTMPDB_PAMPA_001213,-5.82,-5.964334332246893,test,1,Chem+Site,svr,FLLP
CYCPEPTMPDB_PAMPA_004880,-5.33,-5.320636233416844,test,1,Chem+Site,svr,PFLLPLF
CYCPEPTMPDB_PAMPA_001657,-5.02,-5.084182280288612,test,1,Chem+Site,svr,AGLLP
CYCPEPTMPDB_PAMPA_006505,-6.04,-5.818527710448196,test,1,Chem+Site,svr,TPLLLLALP
CYCPEPTMPDB_PAMPA_005786,-5.51,-5.490765417047717,test,1,Chem+Site,svr,PLTLLLALP
CYCPEPTMPDB_PAMPA_004668,-5.5,-5.300520354833015,test,1,Chem+Site,svr,PGLFPLF
CYCPEPTMPDB_PAMPA_001831,-6.14,-5.954361407746909,test,1,Chem+Site,svr,LAALPF
CYCPEPTMPDB_PAMPA_005537,-6.98,-6.43547098720904,test,1,Chem+Site,svr,PLTLLLALP
CYCPEPTMPDB_PAMPA_000055,-4.62,-4.8597136901097295,test,1,Chem+Site,svr,GLFLAVATGIFD
CYCPEPTMPDB_PAMPA_006877,-5.09,-5.057243812843867,test,1,Chem+Site,svr,PLLLLL
CYCPEPTMPDB_PAMPA_002999,-5.25,-5.387095444630762,test,1,Chem+Site,svr,ALLPLF
CYCPEPTMPDB_PAMPA_004467,-5.58,-5.624014357050411,test,1,Chem+Site,svr,PFGLPLF
CYCPEPTMPDB_PAMPA_004866,-5.47,-5.485345291116268,test,1,Chem+Site,svr,PFLLPLF
CYCPEPTMPDB_PAMPA_002634,-5.19,-5.805727432657769,test,1,Chem+Site,svr,ALLPLF
CYCPEPTMPDB_PAMPA_000495,-5.96,-5.773052776913391,test,1,Chem+Site,svr,AAFALGLVATAD
CYCPEPTMPDB_PAMPA_000293,-4.59,-4.366743579333119,test,1,Chem+Site,svr,AVLFFGATDFFA
CYCPEPTMPDB_PAMPA_002238,-4.87,-5.031952439577611,test,1,Chem+Site,svr,GLLPLF
CYCPEPTMPDB_PAMPA_004355,-5.41,-5.643775297590404,test,1,Chem+Site,svr,PALLPGF
CYCPEPTMPDB_PAMPA_002367,-6.43,-6.207405656325528,test,1,Chem+Site,svr,AGLPLF
CYCPEPTMPDB_PAMPA_003198,-6.04,-6.015716250935126,test,1,Chem+Site,svr,PALGPLF
CYCPEPTMPDB_PAMPA_005225,-5.8,-5.516724471490007,test,1,Chem+Site,svr,PLTLLLALP
CYCPEPTMPDB_PAMPA_006517,-6.44,-5.756464518269071,test,1,Chem+Site,svr,TPLLLLALP
CYCPEPTMPDB_PAMPA_005184,-6.1,-5.500977280601353,test,1,Chem+Site,svr,PLTLLLALP
CYCPEPTMPDB_PAMPA_002074,-5.63,-5.447274334503035,test,1,Chem+Site,svr,FLFPLF
CYCPEPTMPDB_PAMPA_001135,-4.9,-4.996417310254292,test,1,Chem+Site,svr,AGLLPG
CYCPEPTMPDB_PAMPA_000505,-4.8,-4.722890333139133,test,1,Chem+Site,svr,ALTALFD
CYCPEPTMPDB_PAMPA_001637,-4.85,-4.9710142332755805,test,1,Chem+Site,svr,AGLLP
CYCPEPTMPDB_PAMPA_005203,-6.13,-5.584932972314738,test,1,Chem+Site,svr,PLTLLLALP
CYCPEPTMPDB_PAMPA_006569,-6.66,-6.16620712418855,test,1,Chem+Site,svr,PLTFYFALP
CYCPEPTMPDB_PAMPA_001214,-8.12,-8.424323967532473,test,1,Chem+Site,svr,AGLLP
CYCPEPTMPDB_PAMPA_001525,-5.1,-5.526621311219565,test,1,Chem+Site,svr,FLLP
CYCPEPTMPDB_PAMPA_007083,-7.416024472,-7.038765640262497,test,1,Chem+Site,svr,AALPGLAL
CYCPEPTMPDB_PAMPA_000687,-4.77,-4.879636531972698,test,1,Chem+Site,svr,VGLTFSD
CYCPEPTMPDB_PAMPA_000349,-4.7,-4.573078091537197,test,1,Chem+Site,svr,ATAVGLLLFDFA
CYCPEPTMPDB_PAMPA_000515,-5.2,-5.0800301917060935,test,1,Chem+Site,svr,TLGFSD
CYCPEPTMPDB_PAMPA_006887,-6.89,-5.989870035027057,test,1,Chem+Site,svr,PLLLPL
CYCPEPTMPDB_PAMPA_006478,-7.12,-7.310752072794882,test,1,Chem+Site,svr,TPLLLLALP
CYCPEPTMPDB_PAMPA_002630,-5.49,-5.937614966185588,test,1,Chem+Site,svr,ALLPLF
CYCPEPTMPDB_PAMPA_001909,-5.25,-5.282726031058498,test,1,Chem+Site,svr,ILLG
CYCPEPTMPDB_PAMPA_000176,-6.19,-5.421478879211531,test,1,Chem+Site,svr,ATFLLAFLLDFA
CYCPEPTMPDB_PAMPA_005416,-5.33,-5.496787028081122,test,1,Chem+Site,svr,PLTLLLALP
CYCPEPTMPDB_PAMPA_004723,-5.56,-5.557797793850136,test,1,Chem+Site,svr,PFLLPLF
CYCPEPTMPDB_PAMPA_000590,-4.66,-4.487500119139499,test,1,Chem+Site,svr,LAALLLSLGLA
CYCPEPTMPDB_PAMPA_005437,-6.05,-6.32918676606091,test,1,Chem+Site,svr,PLTLLLALP
CYCPEPTMPDB_PAMPA_006581,-6.65,-6.751231867062826,test,1,Chem+Site,svr,PLTFFFALP
CYCPEPTMPDB_PAMPA_002568,-6.32,-6.1590393657384945,test,1,Chem+Site,svr,ALLPGF
CYCPEPTMPDB_PAMPA_003388,-10.0,-6.387966203051204,test,1,Chem+Site,svr,PALLPLF
CYCPEPTMPDB_PAMPA_001936,-7.76,-6.369282971105384,test,1,Chem+Site,svr,LPLAAPLAG
CYCPEPTMPDB_PAMPA_002230,-5.89,-5.765771316198234,test,1,Chem+Site,svr,GLGPLF
CYCPEPTMPDB_PAMPA_002165,-5.33,-5.495748652225459,test,1,Chem+Site,svr,FLGPLF
CYCPEPTMPDB_PAMPA_000557,-4.96,-4.8810889169558624,test,1,Chem+Site,svr,VAFLEGLLLDFA
CYCPEPTMPDB_PAMPA_007143,-5.982325082,-6.833449483276242,test,1,Chem+Site,svr,VGLAALAL
CYCPEPTMPDB_PAMPA_005296,-6.3,-5.908503870734632,test,1,Chem+Site,svr,PLTLLLALP
CYCPEPTMPDB_PAMPA_007133,-8.221862247,-7.12770961669351,test,1,Chem+Site,svr,VGLAALAL
CYCPEPTMPDB_PAMPA_002213,-5.04,-5.065507196074029,test,1,Chem+Site,svr,GLLPLF
CYCPEPTMPDB_PAMPA_002057,-5.38,-5.205123100890891,test,1,Chem+Site,svr,FLLPLF
CYCPEPTMPDB_PAMPA_005287,-6.05,-6.261343960548138,test,1,Chem+Site,svr,PLTLLLALP
CYCPEPTMPDB_PAMPA_003783,-6.6,-6.8091142909137226,test,1,Chem+Site,svr,PALLPLF
CYCPEPTMPDB_PAMPA_006233,-6.51,-5.870975722267571,test,1,Chem+Site,svr,PLTLLLALP
CYCPEPTMPDB_PAMPA_004688,-5.65,-5.4467176979562675,test,1,Chem+Site,svr,PFLLPLF
CYCPEPTMPDB_PAMPA_004316,-5.42,-5.594792509987129,test,1,Chem+Site,svr,PALLPLF
CYCPEPTMPDB_PAMPA_005259,-6.84,-6.206727574315736,test,1,Chem+Site,svr,PLTLLLALP
CYCPEPTMPDB_PAMPA_005990,-5.15,-5.546780086297193,test,1,Chem+Site,svr,PLTLLLALP
CYCPEPTMPDB_PAMPA_002744,-4.74,-4.9168784286438125,test,1,Chem+Site,svr,ALLPLF
CYCPEPTMPDB_PAMPA_004653,-5.63,-5.440889788070287,test,1,Chem+Site,svr,PGLLPGF
CYCPEPTMPDB_PAMPA_003033,-4.87,-4.901721473653911,test,1,Chem+Site,svr,ALLPLF
CYCPEPTMPDB_PAMPA_000510,-4.64,-4.630225910099631,test,1,Chem+Site,svr,AFLTALSD
CYCPEPTMPDB_PAMPA_006062,-5.57,-6.067339554569344,test,1,Chem+Site,svr,PLTLLLALP
CYCPEPTMPDB_PAMPA_004159,-5.28,-5.5771058566671154,test,1,Chem+Site,svr,PALLPLF
CYCPEPTMPDB_PAMPA_003671,-5.47,-5.8895549859031675,test,1,Chem+Site,svr,PAGGPLF
CYCPEPTMPDB_PAMPA_002543,-5.53,-5.822589877148364,test,1,Chem+Site,svr,ALLPLF
CYCPEPTMPDB_PAMPA_005612,-5.83,-5.683880087203312,test,1,Chem+Site,svr,PLTLLLALP
CYCPEPTMPDB_PAMPA_006089,-6.31,-6.0435246326767835,test,1,Chem+Site,svr,PLTLLLALP
CYCPEPTMPDB_PAMPA_006900,-5.89,-6.40705630867292,test,1,Chem+Site,svr,PPLLLL
CYCPEPTMPDB_PAMPA_001960,-6.22,-6.085269363908443,test,1,Chem+Site,svr,YLLLLP
CYCPEPTMPDB_PAMPA_001161,-6.57,-6.742854138184821,test,1,Chem+Site,svr,FGLLPG
CYCPEPTMPDB_PAMPA_004825,-5.3,-5.627073829368614,test,1,Chem+Site,svr,PGLGPLF
CYCPEPTMPDB_PAMPA_007078,-5.539759706,-6.600528118436272,test,1,Chem+Site,svr,AALPGLAL
CYCPEPTMPDB_PAMPA_003884,-6.55,-6.029597759529302,test,1,Chem+Site,svr,PGLLPLF
CYCPEPTMPDB_PAMPA_000038,-4.3,-4.7654211105354936,test,1,Chem+Site,svr,AFLLTGISFVD
CYCPEPTMPDB_PAMPA_004386,-6.26,-6.124008939544542,test,1,Chem+Site,svr,PALGPGF
CYCPEPTMPDB_PAMPA_002295,-4.74,-4.716807508810092,test,1,Chem+Site,svr,GLLPLF
CYCPEPTMPDB_PAMPA_001332,-8.0,-7.3372607193210975,test,1,Chem+Site,svr,FLLP
CYCPEPTMPDB_PAMPA_004905,-5.61,-5.724400662933591,test,1,Chem+Site,svr,PFLFPLF
CYCPEPTMPDB_PAMPA_000307,-5.11,-5.448329155749615,test,1,Chem+Site,svr,ATFLFLLLLID
CYCPEPTMPDB_PAMPA_004914,-5.87,-6.288999059280808,test,1,Chem+Site,svr,PFLGPGF
CYCPEPTMPDB_PAMPA_000973,-10.0,-6.016278633832863,test,1,Chem+Site,svr,WKTFPF
CYCPEPTMPDB_PAMPA_004429,-5.75,-5.800007275224365,test,1,Chem+Site,svr,PFGLPLF
CYCPEPTMPDB_PAMPA_001072,-5.11,-5.375706718787102,test,1,Chem+Site,svr,LGLLPG
CYCPEPTMPDB_PAMPA_005732,-5.17,-5.257267524170821,test,1,Chem+Site,svr,PLTLLLALP
CYCPEPTMPDB_PAMPA_006813,-6.31,-6.016473137544145,test,1,Chem+Site,svr,VAFILAPPPM
CYCPEPTMPDB_PAMPA_003479,-10.0,-6.6015936204689245,test,1,Chem+Site,svr,PAGGPGF
CYCPEPTMPDB_PAMPA_001325,-6.12,-5.938832327445494,test,1,Chem+Site,svr,FLLP
CYCPEPTMPDB_PAMPA_004140,-5.91,-5.769572523199748,test,1,Chem+Site,svr,PALLPLF
CYCPEPTMPDB_PAMPA_006264,-6.01,-5.855132402025276,test,1,Chem+Site,svr,PTLLLLALP
CYCPEPTMPDB_PAMPA_005149,-6.7,-6.124394096707575,test,1,Chem+Site,svr,FLLLP
CYCPEPTMPDB_PAMPA_005726,-6.17,-5.924880003373777,test,1,Chem+Site,svr,PLTLLLALP
CYCPEPTMPDB_PAMPA_004918,-5.56,-5.646059325376407,test,1,Chem+Site,svr,PFLFPLF
CYCPEPTMPDB_PAMPA_007157,-8.078011793,-7.354585811440068,test,1,Chem+Site,svr,VGLPALAL
CYCPEPTMPDB_PAMPA_007025,-5.979379959,-5.791064628228502,test,1,Chem+Site,svr,AALAGLAL
CYCPEPTMPDB_PAMPA_000351,-4.92,-4.697278230183523,test,1,Chem+Site,svr,AFTALAFVAADFA
CYCPEPTMPDB_PAMPA_002777,-10.0,-6.132539911416164,test,1,Chem+Site,svr,ALFPLF
CYCPEPTMPDB_PAMPA_002360,-5.22,-5.498101328568749,test,1,Chem+Site,svr,ALLPLF
CYCPEPTMPDB_PAMPA_005146,-5.7,-5.694970262525591,test,1,Chem+Site,svr,FLLLL
CYCPEPTMPDB_PAMPA_006595,-5.47,-5.5444808625155115,test,1,Chem+Site,svr,PLTVAFALP
CYCPEPTMPDB_PAMPA_002017,-5.14,-5.494779868792713,test,1,Chem+Site,svr,FLLPLF
CYCPEPTMPDB_PAMPA_001271,-5.36,-6.533746999569954,test,1,Chem+Site,svr,LGLLPG
CYCPEPTMPDB_PAMPA_006679,-5.89,-5.519600604334823,test,1,Chem+Site,svr,PLTLLFALP
CYCPEPTMPDB_PAMPA_003571,-5.18,-5.030444562949197,test,1,Chem+Site,svr,PALGPLF
CYCPEPTMPDB_PAMPA_003018,-5.04,-5.079626430654693,test,1,Chem+Site,svr,ALLPLF
CYCPEPTMPDB_PAMPA_007096,-6.205837146,-7.343962374139447,test,1,Chem+Site,svr,AALPGLAL
CYCPEPTMPDB_PAMPA_002845,-4.86,-4.756186186383602,test,1,Chem+Site,svr,ALLPLF
CYCPEPTMPDB_PAMPA_000861,-7.0,-6.74329187230512,test,1,Chem+Site,svr,FFPLFTLDLALFI
CYCPEPTMPDB_PAMPA_002110,-5.05,-5.407728932360211,test,1,Chem+Site,svr,FLLPLF
CYCPEPTMPDB_PAMPA_006681,-6.54,-7.400905693872799,test,1,Chem+Site,svr,VGLVLAALLVL
CYCPEPTMPDB_PAMPA_005549,-6.16,-6.439711147722358,test,1,Chem+Site,svr,PLTLLLALP
CYCPEPTMPDB_PAMPA_002625,-6.99,-5.937614966185588,test,1,Chem+Site,svr,ALLPLF
CYCPEPTMPDB_PAMPA_002739,-5.97,-5.600391296253583,test,1,Chem+Site,svr,ALLPLF
CYCPEPTMPDB_PAMPA_001355,-7.51,-6.190797851537326,test,1,Chem+Site,svr,FGLLP
CYCPEPTMPDB_PAMPA_003738,-4.96,-5.241637898391815,test,1,Chem+Site,svr,PALLPLF
CYCPEPTMPDB_PAMPA_001469,-6.06,-5.577167985709152,test,1,Chem+Site,svr,FGLLP
CYCPEPTMPDB_PAMPA_000786,-4.52,-5.866466040550147,test,1,Chem+Site,svr,TGLSFAFV
CYCPEPTMPDB_PAMPA_005532,-6.06,-6.4286688714139055,test,1,Chem+Site,svr,PLTLLLALP
CYCPEPTMPDB_PAMPA_004083,-6.3,-5.771431653803025,test,1,Chem+Site,svr,PALLPLF
CYCPEPTMPDB_PAMPA_001560,-5.64,-5.589990999241441,test,1,Chem+Site,svr,FGLLP
CYCPEPTMPDB_PAMPA_003236,-6.38,-6.024823096649091,test,1,Chem+Site,svr,PALLPLF
CYCPEPTMPDB_PAMPA_002490,-5.22,-4.910409847168303,test,1,Chem+Site,svr,ALLPLF
CYCPEPTMPDB_PAMPA_005306,-6.25,-5.725661372524351,test,1,Chem+Site,svr,PLTLLLALP
CYCPEPTMPDB_PAMPA_000888,-7.0,-6.690547784963205,test,1,Chem+Site,svr,FLALSLLTFFADII
CYCPEPTMPDB_PAMPA_006682,-7.22,-7.013019397806968,test,1,Chem+Site,svr,VGLVLAALLLL
CYCPEPTMPDB_PAMPA_006986,-5.516110227,-5.601151016964825,test,1,Chem+Site,svr,LAVPGLAL
CYCPEPTMPDB_PAMPA_004975,-6.03,-6.023715419043371,test,1,Chem+Site,svr,PALLPGF
CYCPEPTMPDB_PAMPA_006927,-6.25,-5.982354868836374,test,1,Chem+Site,svr,PDLLLL
CYCPEPTMPDB_PAMPA_007181,-10.0,-8.157239673121607,test,1,Chem+Site,svr,VGLPALAL
CYCPEPTMPDB_PAMPA_002510,-5.58,-5.616022410984642,test,1,Chem+Site,svr,ALFPLF
CYCPEPTMPDB_PAMPA_001933,-6.26,-6.129765842192945,test,1,Chem+Site,svr,LPLAFPLA
CYCPEPTMPDB_PAMPA_002908,-6.11,-6.06281409417214,test,1,Chem+Site,svr,ALLPLF
CYCPEPTMPDB_PAMPA_004821,-5.77,-5.8200114891343775,test,1,Chem+Site,svr,PGLFPLF
CYCPEPTMPDB_PAMPA_006191,-6.9,-6.191055499856255,test,1,Chem+Site,svr,PLTLLLALP
CYCPEPTMPDB_PAMPA_006474,-6.64,-6.586070472774971,test,1,Chem+Site,svr,TPLLLLALP
CYCPEPTMPDB_PAMPA_004027,-5.28,-5.575030427206965,test,1,Chem+Site,svr,PALLPLF
CYCPEPTMPDB_PAMPA_006386,-5.63,-6.188643874282649,test,1,Chem+Site,svr,PTLLLLALP
CYCPEPTMPDB_PAMPA_002412,-5.2,-5.415259212777317,test,1,Chem+Site,svr,ALGPLF
CYCPEPTMPDB_PAMPA_002702,-5.27,-5.263990709673179,test,1,Chem+Site,svr,AGLPLF
CYCPEPTMPDB_PAMPA_006385,-6.51,-6.536688413528785,test,1,Chem+Site,svr,PTLLLLALP
CYCPEPTMPDB_PAMPA_002707,-5.29,-5.435274403180954,test,1,Chem+Site,svr,ALFPLF
CYCPEPTMPDB_PAMPA_006039,-6.5,-6.519676877942765,test,1,Chem+Site,svr,PLTLLLALP
CYCPEPTMPDB_PAMPA_003713,-5.3,-5.336107179856354,test,1,Chem+Site,svr,PALLPLF
CYCPEPTMPDB_PAMPA_000568,-7.0,-6.806597399325889,test,1,Chem+Site,svr,GFLLFLLFFLDFA
CYCPEPTMPDB_PAMPA_007142,-5.503891252,-6.348016515302716,test,1,Chem+Site,svr,VGLAALAL
CYCPEPTMPDB_PAMPA_004155,-5.8,-6.141473325460543,test,1,Chem+Site,svr,PAGLPLF
CYCPEPTMPDB_PAMPA_004181,-6.09,-5.730345796716192,test,1,Chem+Site,svr,PALGPLF
CYCPEPTMPDB_PAMPA_004766,-5.32,-5.626739433572703,test,1,Chem+Site,svr,PGLLPLF
CYCPEPTMPDB_PAMPA_005130,-5.39,-5.966954488734359,test,1,Chem+Site,svr,AGF
CYCPEPTMPDB_PAMPA_004343,-5.99,-6.422898248537902,test,1,Chem+Site,svr,PALGPLF
CYCPEPTMPDB_PAMPA_004619,-5.58,-5.277275290716669,test,1,Chem+Site,svr,PGLLPLF
CYCPEPTMPDB_PAMPA_003335,-5.75,-5.925955949821681,test,1,Chem+Site,svr,PALLPLF
CYCPEPTMPDB_PAMPA_006580,-6.85,-6.777174383495414,test,1,Chem+Site,svr,PLTFYFALP
CYCPEPTMPDB_PAMPA_002419,-5.95,-6.097992798280918,test,1,Chem+Site,svr,ALGPGF
CYCPEPTMPDB_PAMPA_001122,-6.05,-5.823103543695816,test,1,Chem+Site,svr,FLLPG
CYCPEPTMPDB_PAMPA_004682,-5.74,-5.552172335298095,test,1,Chem+Site,svr,PFLLPLF
CYCPEPTMPDB_PAMPA_006170,-6.57,-5.798009544723841,test,1,Chem+Site,svr,PLTLLLALP
CYCPEPTMPDB_PAMPA_005654,-5.75,-5.857905046315504,test,1,Chem+Site,svr,PLTLLLALP
CYCPEPTMPDB_PAMPA_001004,-6.55,-5.601435835178188,test,1,Chem+Site,svr,LLLLPA
CYCPEPTMPDB_PAMPA_005336,-6.86,-6.757157423951308,test,1,Chem+Site,svr,PLTLLLALP
CYCPEPTMPDB_PAMPA_003039,-5.09,-5.355630483259938,test,1,Chem+Site,svr,ALGPLF
CYCPEPTMPDB_PAMPA_004616,-5.55,-5.721466885512647,test,1,Chem+Site,svr,PGLLPGF
CYCPEPTMPDB_PAMPA_001571,-5.45,-5.1667822266949335,test,1,Chem+Site,svr,AGLLP
CYCPEPTMPDB_PAMPA_006960,-6.4,-6.130519192209596,test,1,Chem+Site,svr,IAAFPIP
CYCPEPTMPDB_PAMPA_006167,-5.92,-6.452268781801541,test,1,Chem+Site,svr,PLTLLLALP
CYCPEPTMPDB_PAMPA_000014,-6.52,-6.462532490805141,test,1,Chem+Site,svr,YPLLLL
CYCPEPTMPDB_PAMPA_000399,-5.54,-5.113388734341352,test,1,Chem+Site,svr,AILFLLFATFD
CYCPEPTMPDB_PAMPA_005396,-5.36,-5.4748109992348315,test,1,Chem+Site,svr,PLTLLLALP
CYCPEPTMPDB_PAMPA_004297,-5.71,-5.680229292657383,test,1,Chem+Site,svr,PALFPLF
CYCPEPTMPDB_PAMPA_000098,-4.55,-4.864288181159905,test,1,Chem+Site,svr,LLLFGFTPID
CYCPEPTMPDB_PAMPA_002131,-5.26,-5.224945110456929,test,1,Chem+Site,svr,FLLPLF
CYCPEPTMPDB_PAMPA_000647,-4.46,-4.468946115409139,test,1,Chem+Site,svr,GTAFFLSD
CYCPEPTMPDB_PAMPA_003081,-5.97,-5.600466448689143,test,1,Chem+Site,svr,PGLLPLF
CYCPEPTMPDB_PAMPA_004197,-5.81,-5.655931536210348,test,1,Chem+Site,svr,PALLPGF
CYCPEPTMPDB_PAMPA_003102,-4.98,-5.215217745439093,test,1,Chem+Site,svr,PGLLPLF
CYCPEPTMPDB_PAMPA_006367,-5.96,-5.4312938732788805,test,1,Chem+Site,svr,PTLLLLALP
CYCPEPTMPDB_PAMPA_001101,-5.23,-5.215600086297325,test,1,Chem+Site,svr,LGLLPG
CYCPEPTMPDB_PAMPA_000165,-4.74,-4.717784763242076,test,1,Chem+Site,svr,ALATGVFALLDFA
CYCPEPTMPDB_PAMPA_005074,-5.7,-5.705882202216321,test,1,Chem+Site,svr,PALLPGF
CYCPEPTMPDB_PAMPA_006435,-5.09,-5.269710231780779,test,1,Chem+Site,svr,PTLLLLALP
CYCPEPTMPDB_PAMPA_000330,-5.4,-5.026536040170713,test,1,Chem+Site,svr,AAALAFTAFADFA
CYCPEPTMPDB_PAMPA_002307,-5.89,-5.088992932583322,test,1,Chem+Site,svr,GLLPGF
CYCPEPTMPDB_PAMPA_002955,-5.95,-6.346495727463131,test,1,Chem+Site,svr,ALFPLF
CYCPEPTMPDB_PAMPA_004939,-5.83,-5.881206402351523,test,1,Chem+Site,svr,PALLPLF
CYCPEPTMPDB_PAMPA_005631,-5.87,-5.687017186382712,test,1,Chem+Site,svr,PLTLLLALP
CYCPEPTMPDB_PAMPA_002197,-5.21,-5.323218850434317,test,1,Chem+Site,svr,GLLPLF
CYCPEPTMPDB_PAMPA_006715,-6.37,-5.604645250201778,test,1,Chem+Site,svr,FAPVFP
CYCPEPTMPDB_PAMPA_002654,-5.47,-5.476449062033123,test,1,Chem+Site,svr,ALLPLF
CYCPEPTMPDB_PAMPA_000280,-4.82,-4.740515145440932,test,1,Chem+Site,svr,AFVATALALDFA
CYCPEPTMPDB_PAMPA_005124,-7.63,-6.865761458934975,test,1,Chem+Site,svr,GLF
CYCPEPTMPDB_PAMPA_002609,-6.03,-6.380302871758328,test,1,Chem+Site,svr,ALGPGF
CYCPEPTMPDB_PAMPA_001809,-5.16,-5.047655159786416,test,1,Chem+Site,svr,LLALPF
CYCPEPTMPDB_PAMPA_001714,-5.7,-5.1669391552561015,test,1,Chem+Site,svr,FLLPG
CYCPEPTMPDB_PAMPA_007041,-5.745231617,-5.791064628228502,test,1,Chem+Site,svr,AALAGLAL
CYCPEPTMPDB_PAMPA_006656,-5.66,-5.3543583058252775,test,1,Chem+Site,svr,PLTFLLALP
CYCPEPTMPDB_PAMPA_007245,-6.073794549,-6.587322557518466,test,1,Chem+Site,svr,LGLPAFAL
CYCPEPTMPDB_PAMPA_001638,-5.11,-5.237719768791462,test,1,Chem+Site,svr,FGLLPG
CYCPEPTMPDB_PAMPA_001943,-5.69,-5.800390452298433,test,1,Chem+Site,svr,LPLAGAPLA
CYCPEPTMPDB_PAMPA_004544,-5.87,-5.8650424805835755,test,1,Chem+Site,svr,PFLFPLF
CYCPEPTMPDB_PAMPA_006785,-5.46,-6.187956098997869,test,1,Chem+Site,svr,PPAPLAFIF
CYCPEPTMPDB_PAMPA_006373,-5.28,-5.709925849463033,test,1,Chem+Site,svr,PTLLLLALP
CYCPEPTMPDB_PAMPA_006957,-6.4,-6.037313854886628,test,1,Chem+Site,svr,IAAFPIP
CYCPEPTMPDB_PAMPA_004356,-5.54,-5.643775297590404,test,1,Chem+Site,svr,PALGPLF
CYCPEPTMPDB_PAMPA_005202,-5.87,-5.542777712800962,test,1,Chem+Site,svr,PLTLLLALP
CYCPEPTMPDB_PAMPA_005391,-6.92,-5.619162304160925,test,1,Chem+Site,svr,PLTLLLALP
CYCPEPTMPDB_PAMPA_000051,-4.38,-4.576530011284952,test,1,Chem+Site,svr,GGTFLSLID
CYCPEPTMPDB_PAMPA_004774,-5.77,-5.730548325860016,test,1,Chem+Site,svr,PGLLPLF
CYCPEPTMPDB_PAMPA_004059,-10.0,-6.9054489128250856,test,1,Chem+Site,svr,PALLPLF
CYCPEPTMPDB_PAMPA_001310,-8.51,-7.577592941453384,test,1,Chem+Site,svr,FGLLP
CYCPEPTMPDB_PAMPA_006286,-5.87,-5.492288995462602,test,1,Chem+Site,svr,PTLLLLALP
CYCPEPTMPDB_PAMPA_005310,-6.64,-5.820098359595875,test,1,Chem+Site,svr,PLTLLLALP
CYCPEPTMPDB_PAMPA_006607,-5.54,-5.628042132343035,test,1,Chem+Site,svr,PLTFVFALP
CYCPEPTMPDB_PAMPA_004418,-5.51,-5.479712181888662,test,1,Chem+Site,svr,PFLLPLF
CYCPEPTMPDB_PAMPA_000373,-4.82,-4.788827403378623,test,1,Chem+Site,svr,AIFVTGLAADFFA
CYCPEPTMPDB_PAMPA_002979,-5.9,-5.814065443641304,test,1,Chem+Site,svr,AGFPLF
CYCPEPTMPDB_PAMPA_005039,-5.77,-5.87888801382625,test,1,Chem+Site,svr,PALLPLF
CYCPEPTMPDB_PAMPA_003228,-10.0,-6.410347408172852,test,1,Chem+Site,svr,PALLPLF
CYCPEPTMPDB_PAMPA_003040,-5.26,-5.434034594272997,test,1,Chem+Site,svr,ALGPLF
CYCPEPTMPDB_PAMPA_000378,-4.66,-4.85902723893214,test,1,Chem+Site,svr,AFLIGTAAVDFFA
CYCPEPTMPDB_PAMPA_002192,-6.62,-5.682023865283441,test,1,Chem+Site,svr,GLLPLF
CYCPEPTMPDB_PAMPA_002442,-7.12,-5.932156445748908,test,1,Chem+Site,svr,ALLPLF
CYCPEPTMPDB_PAMPA_003690,-6.94,-5.9214446647278525,test,1,Chem+Site,svr,PALLPLF
CYCPEPTMPDB_PAMPA_003196,-6.89,-6.354993954798285,test,1,Chem+Site,svr,PALFPLF
CYCPEPTMPDB_PAMPA_000722,-4.34,-4.996364366896308,test,1,Chem+Site,svr,AFLFLLTGFA
CYCPEPTMPDB_PAMPA_002357,-6.15,-6.235689237171328,test,1,Chem+Site,svr,ALLPLF
CYCPEPTMPDB_PAMPA_004497,-5.77,-6.161258613021052,test,1,Chem+Site,svr,PFLLPLF
CYCPEPTMPDB_PAMPA_002169,-6.02,-5.784015384755645,test,1,Chem+Site,svr,FLGPGF
CYCPEPTMPDB_PAMPA_001485,-4.87,-4.885011180201797,test,1,Chem+Site,svr,FGLLP
CYCPEPTMPDB_PAMPA_002758,-5.44,-5.866195123619409,test,1,Chem+Site,svr,ALGPLF
CYCPEPTMPDB_PAMPA_006246,-5.67,-5.439856584278713,test,1,Chem+Site,svr,PLTLLLALP
CYCPEPTMPDB_PAMPA_004102,-6.13,-6.202950454088722,test,1,Chem+Site,svr,PAGLPLF
CYCPEPTMPDB_PAMPA_001778,-6.92,-6.670654866155672,test,1,Chem+Site,svr,AVAAAAAAPY
CYCPEPTMPDB_PAMPA_004007,-5.86,-6.066388819136118,test,1,Chem+Site,svr,PALLPLF
CYCPEPTMPDB_PAMPA_007291,-6.408935393,-5.870857853219996,test,1,Chem+Site,svr,LLLA
CYCPEPTMPDB_PAMPA_002691,-5.2,-5.622278921905922,test,1,Chem+Site,svr,ALLPGF
CYCPEPTMPDB_PAMPA_005666,-6.47,-5.687017186382712,test,1,Chem+Site,svr,PLTLLLALP
CYCPEPTMPDB_PAMPA_004174,-5.17,-5.91207466806885,test,1,Chem+Site,svr,PALLPGF
CYCPEPTMPDB_PAMPA_001314,-5.83,-6.081744265209659,test,1,Chem+Site,svr,LLLP
CYCPEPTMPDB_PAMPA_000524,-4.55,-4.641619866611043,test,1,Chem+Site,svr,GSGLTFLIAD
CYCPEPTMPDB_PAMPA_001465,-5.93,-5.914446865861272,test,1,Chem+Site,svr,ALLP
CYCPEPTMPDB_PAMPA_001046,-4.89,-5.946273059085449,test,1,Chem+Site,svr,FLL
CYCPEPTMPDB_PAMPA_004312,-5.88,-6.163427874463968,test,1,Chem+Site,svr,PALLPLF
CYCPEPTMPDB_PAMPA_006031,-5.1,-5.206079302615344,test,1,Chem+Site,svr,PLTLLLALP
CYCPEPTMPDB_PAMPA_001614,-6.37,-5.994746575483374,test,1,Chem+Site,svr,FGLLP
CYCPEPTMPDB_PAMPA_005507,-6.59,-5.5813789835245835,test,1,Chem+Site,svr,PLTLLLALP
CYCPEPTMPDB_PAMPA_002643,-6.27,-5.5026187582811525,test,1,Chem+Site,svr,ALLPLF
CYCPEPTMPDB_PAMPA_002152,-5.47,-5.487165216398716,test,1,Chem+Site,svr,FLGPLF
CYCPEPTMPDB_PAMPA_001880,-10.0,-6.68702714460289,test,1,Chem+Site,svr,TIIFGFGG
CYCPEPTMPDB_PAMPA_001232,-5.31,-5.375916043262371,test,1,Chem+Site,svr,LGLLP
CYCPEPTMPDB_PAMPA_004422,-5.32,-5.256249738845896,test,1,Chem+Site,svr,PFLLPLF
CYCPEPTMPDB_PAMPA_000596,-4.47,-4.696693849616398,test,1,Chem+Site,svr,LALAALLLSAA
CYCPEPTMPDB_PAMPA_004274,-5.61,-5.705100786307867,test,1,Chem+Site,svr,PALGPLF
CYCPEPTMPDB_PAMPA_006295,-6.37,-5.45557941475728,test,1,Chem+Site,svr,PTLLLLALP
CYCPEPTMPDB_PAMPA_003234,-6.54,-6.015901854067662,test,1,Chem+Site,svr,PALLPLF
CYCPEPTMPDB_PAMPA_003752,-5.89,-5.374199616070587,test,1,Chem+Site,svr,PALGPLF
CYCPEPTMPDB_PAMPA_005622,-5.3,-5.840962561661389,test,1,Chem+Site,svr,PLTLLLALP
CYCPEPTMPDB_PAMPA_006445,-5.01,-5.166678813169876,test,1,Chem+Site,svr,PTLLLLALP
CYCPEPTMPDB_PAMPA_004313,-6.31,-6.074887821767734,test,1,Chem+Site,svr,PALLPLF
CYCPEPTMPDB_PAMPA_002111,-5.41,-5.360568789147515,test,1,Chem+Site,svr,FLLPLF
CYCPEPTMPDB_PAMPA_002706,-5.54,-6.115442846992361,test,1,Chem+Site,svr,ALFPGF
CYCPEPTMPDB_PAMPA_005465,-5.7,-6.085195854005587,test,1,Chem+Site,svr,PLTLLLALP
CYCPEPTMPDB_PAMPA_004519,-5.33,-5.32046273852496,test,1,Chem+Site,svr,PFLLPLF
CYCPEPTMPDB_PAMPA_003600,-6.33,-5.774846571845514,test,1,Chem+Site,svr,PALLPLF
CYCPEPTMPDB_PAMPA_001268,-7.1,-7.529601729608807,test,1,Chem+Site,svr,LGLLPG
CYCPEPTMPDB_PAMPA_004053,-6.09,-6.15015246491152,test,1,Chem+Site,svr,PAGFPLF
CYCPEPTMPDB_PAMPA_002232,-5.39,-5.605833381391385,test,1,Chem+Site,svr,GLLPGF
CYCPEPTMPDB_PAMPA_007238,-9.023709081,-7.320602312705512,test,1,Chem+Site,svr,LAVPAAAL
CYCPEPTMPDB_PAMPA_001928,-6.59,-6.342016368664718,test,1,Chem+Site,svr,LPGLAFPLA
CYCPEPTMPDB_PAMPA_002092,-5.92,-5.66831051706329,test,1,Chem+Site,svr,FLLPLF
CYCPEPTMPDB_PAMPA_004238,-5.33,-5.472720683207937,test,1,Chem+Site,svr,PALLPLF
CYCPEPTMPDB_PAMPA_006540,-5.1,-5.174807440889301,test,1,Chem+Site,svr,TPLLLLALP
CYCPEPTMPDB_PAMPA_003787,-5.63,-5.995674514853279,test,1,Chem+Site,svr,PALLPLF
CYCPEPTMPDB_PAMPA_001404,-5.64,-5.858583652169875,test,1,Chem+Site,svr,FLLP
CYCPEPTMPDB_PAMPA_005242,-6.06,-5.842837846948812,test,1,Chem+Site,svr,PLTLLLALP
CYCPEPTMPDB_PAMPA_006951,-5.34,-6.11856019088876,test,1,Chem+Site,svr,LLLPYL
CYCPEPTMPDB_PAMPA_004114,-10.0,-5.87057757452563,test,1,Chem+Site,svr,PALGPLF
CYCPEPTMPDB_PAMPA_003887,-5.81,-5.722584137650934,test,1,Chem+Site,svr,PGLLPLF
CYCPEPTMPDB_PAMPA_003704,-5.07,-5.542352037765238,test,1,Chem+Site,svr,PALLPLF
CYCPEPTMPDB_PAMPA_005390,-6.88,-5.855057326177576,test,1,Chem+Site,svr,PLTLLLALP
CYCPEPTMPDB_PAMPA_000389,-4.59,-4.484179201251278,test,1,Chem+Site,svr,AFGLTALVDFFA
CYCPEPTMPDB_PAMPA_003935,-4.96,-5.147840266410093,test,1,Chem+Site,svr,PGLLPLF
CYCPEPTMPDB_PAMPA_006263,-6.77,-6.246478362827641,test,1,Chem+Site,svr,PTLLLLALP
CYCPEPTMPDB_PAMPA_006796,-5.59,-5.9451542415125695,test,1,Chem+Site,svr,PLAPLFLVLL
CYCPEPTMPDB_PAMPA_000464,-5.18,-5.460079479408382,test,1,Chem+Site,svr,AAAALFTALAD
CYCPEPTMPDB_PAMPA_003763,-6.03,-5.796092001024315,test,1,Chem+Site,svr,PALFPLF
CYCPEPTMPDB_PAMPA_001724,-6.36,-6.5953739979615325,test,1,Chem+Site,svr,AGLLPG
CYCPEPTMPDB_PAMPA_007131,-7.220442271,-6.995678044231254,test,1,Chem+Site,svr,VGLAALAL
CYCPEPTMPDB_PAMPA_006823,-5.46,-5.726678326742796,test,1,Chem+Site,svr,IPLLPLFLAIP
CYCPEPTMPDB_PAMPA_006260,-6.81,-6.454123736243409,test,1,Chem+Site,svr,PTLLLLALP
CYCPEPTMPDB_PAMPA_004988,-5.26,-6.00400162453048,test,1,Chem+Site,svr,PALLPGF
CYCPEPTMPDB_PAMPA_001689,-6.34,-6.305765034588051,test,1,Chem+Site,svr,AGLLPG
CYCPEPTMPDB_PAMPA_001918,-5.63,-6.460062408500251,test,1,Chem+Site,svr,LPLAAPGLA
CYCPEPTMPDB_PAMPA_004035,-10.0,-6.55384243844702,test,1,Chem+Site,svr,PALFPLF
CYCPEPTMPDB_PAMPA_000617,-4.6,-4.528969392118186,test,1,Chem+Site,svr,AFLTLLD
CYCPEPTMPDB_PAMPA_000620,-4.89,-4.650367338500187,test,1,Chem+Site,svr,AFLTASLD
CYCPEPTMPDB_PAMPA_000610,-4.54,-5.162655381920288,test,1,Chem+Site,svr,AIAFTFLPDI
CYCPEPTMPDB_PAMPA_005293,-9.0,-6.049282135244072,test,1,Chem+Site,svr,PLTLLLALP
CYCPEPTMPDB_PAMPA_000498,-5.17,-5.9613147334483045,test,1,Chem+Site,svr,AVLLTALLFLD
CYCPEPTMPDB_PAMPA_005553,-6.01,-6.6616456791763605,test,1,Chem+Site,svr,PLTLLLALP
CYCPEPTMPDB_PAMPA_005725,-7.22,-6.42895276910775,test,1,Chem+Site,svr,PLTLLLALP
CYCPEPTMPDB_PAMPA_000630,-4.54,-4.363059573229261,test,1,Chem+Site,svr,LFLTGLSD
CYCPEPTMPDB_PAMPA_004156,-6.22,-5.550471511262549,test,1,Chem+Site,svr,PALLPLF
CYCPEPTMPDB_PAMPA_000202,-4.48,-4.607694175904626,test,1,Chem+Site,svr,VLILAFGTFLPD
CYCPEPTMPDB_PAMPA_003741,-6.26,-6.557635930318195,test,1,Chem+Site,svr,PALFPLF
CYCPEPTMPDB_PAMPA_002473,-5.32,-5.243893350472175,test,1,Chem+Site,svr,ALLPLF
CYCPEPTMPDB_PAMPA_000159,-4.32,-4.517159521273406,test,1,Chem+Site,svr,GTAFGFLLLD
CYCPEPTMPDB_PAMPA_000622,-4.64,-4.378421703179168,test,1,Chem+Site,svr,AFLTLSLD
CYCPEPTMPDB_PAMPA_000224,-4.42,-4.655321510159235,test,1,Chem+Site,svr,ALTAFAFLILD
CYCPEPTMPDB_PAMPA_002436,-5.67,-5.811294208448097,test,1,Chem+Site,svr,ALLPLF
CYCPEPTMPDB_PAMPA_003809,-5.21,-5.71633896209814,test,1,Chem+Site,svr,PALLPLF
CYCPEPTMPDB_PAMPA_002358,-5.41,-5.5840809839923615,test,1,Chem+Site,svr,ALLPLF
CYCPEPTMPDB_PAMPA_003141,-6.12,-5.924274224045935,test,1,Chem+Site,svr,PGGFPLF
CYCPEPTMPDB_PAMPA_000532,-4.57,-4.769564605951102,test,1,Chem+Site,svr,AFLLIGLTPAD
CYCPEPTMPDB_PAMPA_005925,-5.66,-5.352034673320953,test,1,Chem+Site,svr,PLTLLLALP
CYCPEPTMPDB_PAMPA_003566,-5.27,-5.3392905407782845,test,1,Chem+Site,svr,PALLPGF
CYCPEPTMPDB_PAMPA_003946,-5.29,-5.725756082223991,test,1,Chem+Site,svr,PGLLPGF
CYCPEPTMPDB_PAMPA_005961,-5.53,-5.521678858542303,test,1,Chem+Site,svr,PLTLLLALP
CYCPEPTMPDB_PAMPA_006149,-6.41,-5.807644000341211,test,1,Chem+Site,svr,PLTLLLALP
CYCPEPTMPDB_PAMPA_005717,-6.18,-6.005447630665371,test,1,Chem+Site,svr,PLTLLLALP
CYCPEPTMPDB_PAMPA_006748,-6.55,-6.248821049898249,test,1,Chem+Site,svr,FPPLIPPL
CYCPEPTMPDB_PAMPA_000048,-4.59,-4.680411084185447,test,1,Chem+Site,svr,AFLSGILPTAFD
CYCPEPTMPDB_PAMPA_001029,-8.0,-7.769028403147387,test,1,Chem+Site,svr,AAAAAA
CYCPEPTMPDB_PAMPA_003556,-5.95,-5.6559885662697305,test,1,Chem+Site,svr,PALFPLF
CYCPEPTMPDB_PAMPA_006128,-5.46,-5.654269487809453,test,1,Chem+Site,svr,PLTLLLALP
CYCPEPTMPDB_PAMPA_005514,-5.18,-5.234193675235213,test,1,Chem+Site,svr,PLTLLLALP
CYCPEPTMPDB_PAMPA_005722,-6.63,-6.233648031058398,test,1,Chem+Site,svr,PLTLLLALP
CYCPEPTMPDB_PAMPA_004417,-5.33,-5.551300682559516,test,1,Chem+Site,svr,PFLLPLF
CYCPEPTMPDB_PAMPA_007060,-10.0,-7.157858811863114,test,1,Chem+Site,svr,AALPGLAL
CYCPEPTMPDB_PAMPA_005867,-6.5,-6.560576271436544,test,1,Chem+Site,svr,PLTLLLALP
CYCPEPTMPDB_PAMPA_000776,-4.27,-5.004276127280183,test,1,Chem+Site,svr,AFLTGLSL
CYCPEPTMPDB_PAMPA_001419,-5.23,-5.110999627251518,test,1,Chem+Site,svr,LGLLP
CYCPEPTMPDB_PAMPA_003407,-5.3,-6.009268736381578,test,1,Chem+Site,svr,PALLPLF
CYCPEPTMPDB_PAMPA_003810,-5.3,-5.576371281779585,test,1,Chem+Site,svr,PALLPLF
CYCPEPTMPDB_PAMPA_002826,-5.55,-5.26839779754566,test,1,Chem+Site,svr,ALLPLF
CYCPEPTMPDB_PAMPA_004873,-5.42,-5.4393619902229435,test,1,Chem+Site,svr,PFLLPLF
CYCPEPTMPDB_PAMPA_007058,-8.522763705,-6.994204066496825,test,1,Chem+Site,svr,AALPGLAL
CYCPEPTMPDB_PAMPA_006916,-6.29,-6.138284647898692,test,1,Chem+Site,svr,PAPLFL
CYCPEPTMPDB_PAMPA_006716,-5.58,-5.608934630404956,test,1,Chem+Site,svr,FAPVFP
CYCPEPTMPDB_PAMPA_001669,-5.06,-5.25399046289479,test,1,Chem+Site,svr,FLLP
CYCPEPTMPDB_PAMPA_005053,-10.0,-5.607118732864702,test,1,Chem+Site,svr,PALLPLF
CYCPEPTMPDB_PAMPA_000804,-4.29,-5.507920143423088,test,1,Chem+Site,svr,LPTGFVALL
CYCPEPTMPDB_PAMPA_002308,-5.24,-5.110348050791872,test,1,Chem+Site,svr,GLGPLF
CYCPEPTMPDB_PAMPA_004366,-6.53,-5.972070842648035,test,1,Chem+Site,svr,PALGPLF
CYCPEPTMPDB_PAMPA_006452,-4.88,-5.683909308793707,test,1,Chem+Site,svr,PTLLLLALP
CYCPEPTMPDB_PAMPA_006551,-5.94,-5.657055462075169,test,1,Chem+Site,svr,TPLLLLALP
CYCPEPTMPDB_PAMPA_006724,-5.31,-5.474760232850557,test,1,Chem+Site,svr,VIPFIPA
CYCPEPTMPDB_PAMPA_005196,-6.24,-5.994188336131436,test,1,Chem+Site,svr,PLTLLLALP
CYCPEPTMPDB_PAMPA_003256,-5.78,-5.756609268755543,test,1,Chem+Site,svr,PALLPLF
CYCPEPTMPDB_PAMPA_006110,-7.24,-6.2438824370501225,test,1,Chem+Site,svr,PLTLLLALP
CYCPEPTMPDB_PAMPA_000421,-4.43,-4.6989487515484045,test,1,Chem+Site,svr,ASLTGFLLFD
CYCPEPTMPDB_PAMPA_006313,-6.01,-5.352270344414459,test,1,Chem+Site,svr,PTLLLLALP
CYCPEPTMPDB_PAMPA_006639,-5.36,-5.441071204756771,test,1,Chem+Site,svr,PLTFFLALP
CYCPEPTMPDB_PAMPA_001207,-6.98,-7.360093144230251,test,1,Chem+Site,svr,FGLLP
CYCPEPTMPDB_PAMPA_000773,-5.1,-5.061437498390304,test,1,Chem+Site,svr,FLIAFTAL
CYCPEPTMPDB_PAMPA_005519,-5.6,-5.222583839279135,test,1,Chem+Site,svr,PLTLLLALP
CYCPEPTMPDB_PAMPA_004490,-5.76,-5.735748301075797,test,1,Chem+Site,svr,PFLFPGF
CYCPEPTMPDB_PAMPA_006140,-5.51,-5.502850268595071,test,1,Chem+Site,svr,PLTLLLALP
CYCPEPTMPDB_PAMPA_006804,-5.5,-6.361654212112871,test,1,Chem+Site,svr,PAFLLPPALV
CYCPEPTMPDB_PAMPA_000987,-5.89,-6.348500127534135,test,1,Chem+Site,svr,LLLLPY
CYCPEPTMPDB_PAMPA_003533,-5.68,-5.675392886824916,test,1,Chem+Site,svr,PALLPGF
CYCPEPTMPDB_PAMPA_006302,-6.06,-5.227058608986809,test,1,Chem+Site,svr,PTLLLLALP
CYCPEPTMPDB_PAMPA_002942,-4.87,-4.912434610834509,test,1,Chem+Site,svr,ALLPLF
CYCPEPTMPDB_PAMPA_002114,-5.67,-5.793702752660669,test,1,Chem+Site,svr,FLLPLF
CYCPEPTMPDB_PAMPA_002067,-5.13,-5.455953154470372,test,1,Chem+Site,svr,FLLPGF
CYCPEPTMPDB_PAMPA_004232,-5.32,-5.978269242315496,test,1,Chem+Site,svr,PALLPLF
CYCPEPTMPDB_PAMPA_004498,-5.74,-6.2118997950983665,test,1,Chem+Site,svr,PFLLPLF
CYCPEPTMPDB_PAMPA_003898,-5.07,-5.639062762241489,test,1,Chem+Site,svr,PGLLPLF
CYCPEPTMPDB_PAMPA_007199,-7.045994881,-7.733734669446468,test,1,Chem+Site,svr,VGLPALAL
CYCPEPTMPDB_PAMPA_003448,-10.0,-5.927456831292235,test,1,Chem+Site,svr,PALLPGF
CYCPEPTMPDB_PAMPA_000158,-4.66,-4.413275567004065,test,1,Chem+Site,svr,ATAFFGLLLD
CYCPEPTMPDB_PAMPA_004213,-5.63,-5.619779234197725,test,1,Chem+Site,svr,PAGFPLF
CYCPEPTMPDB_PAMPA_007265,-5.675508811,-6.4514571385215245,test,1,Chem+Site,svr,LAFPLFAL
CYCPEPTMPDB_PAMPA_006158,-7.82,-6.861351337918254,test,1,Chem+Site,svr,PLTLLLALP
CYCPEPTMPDB_PAMPA_006636,-5.96,-6.0396115777933845,test,1,Chem+Site,svr,PLTAVFALP
CYCPEPTMPDB_PAMPA_003770,-10.0,-6.353087806746434,test,1,Chem+Site,svr,PAGGPLF
CYCPEPTMPDB_PAMPA_006959,-5.96,-5.509545196974487,test,1,Chem+Site,svr,IAAFPIP
CYCPEPTMPDB_PAMPA_006203,-5.78,-5.9964559264089194,test,1,Chem+Site,svr,PLTLLLALP
CYCPEPTMPDB_PAMPA_001589,-5.67,-5.701205835780679,test,1,Chem+Site,svr,AGLLP
CYCPEPTMPDB_PAMPA_004089,-6.23,-5.954525967108368,test,1,Chem+Site,svr,PALLPLF
CYCPEPTMPDB_PAMPA_003559,-6.45,-5.752440396799107,test,1,Chem+Site,svr,PALFPLF
CYCPEPTMPDB_PAMPA_007145,-7.493385185,-6.943621475281387,test,1,Chem+Site,svr,VGLPALAL
CYCPEPTMPDB_PAMPA_002365,-5.41,-5.253737176095333,test,1,Chem+Site,svr,ALLPLF
CYCPEPTMPDB_PAMPA_002907,-5.06,-5.937614966185588,test,1,Chem+Site,svr,ALLPLF
CYCPEPTMPDB_PAMPA_004876,-5.37,-5.3987022009310905,test,1,Chem+Site,svr,PFLLPLF
CYCPEPTMPDB_PAMPA_003277,-6.99,-7.040386911669924,test,1,Chem+Site,svr,PALFPLF
CYCPEPTMPDB_PAMPA_006660,-5.58,-5.928351956053796,test,1,Chem+Site,svr,PLTFFFALP
CYCPEPTMPDB_PAMPA_004345,-6.21,-5.7224152384585505,test,1,Chem+Site,svr,PALLPLF
CYCPEPTMPDB_PAMPA_007141,-10.0,-7.052720262836463,test,1,Chem+Site,svr,VGLAALAL
CYCPEPTMPDB_PAMPA_002459,-6.63,-6.323547968957666,test,1,Chem+Site,svr,ALLPGF
CYCPEPTMPDB_PAMPA_005720,-8.7,-6.6561711372713255,test,1,Chem+Site,svr,PLTLLLALP
CYCPEPTMPDB_PAMPA_005309,-6.74,-5.995704047220636,test,1,Chem+Site,svr,PLTLLLALP
CYCPEPTMPDB_PAMPA_003381,-5.85,-6.005280541299095,test,1,Chem+Site,svr,PAGFPLF
CYCPEPTMPDB_PAMPA_004397,-5.77,-5.877941648269365,test,1,Chem+Site,svr,PFLLPLF
CYCPEPTMPDB_PAMPA_003293,-5.79,-5.667728916809758,test,1,Chem+Site,svr,PALLPGF
CYCPEPTMPDB_PAMPA_001747,-6.4,-4.96231075802536,test,1,Chem+Site,svr,PYLLLL
CYCPEPTMPDB_PAMPA_002561,-5.62,-6.179892641447022,test,1,Chem+Site,svr,ALGPLF
CYCPEPTMPDB_PAMPA_006351,-6.15,-6.6158898168689575,test,1,Chem+Site,svr,PTLLLLALP
CYCPEPTMPDB_PAMPA_000229,-4.51,-4.458571922180223,test,1,Chem+Site,svr,GLLVTAIFFAD
CYCPEPTMPDB_PAMPA_004536,-5.37,-5.295935575719556,test,1,Chem+Site,svr,PFLLPLF
CYCPEPTMPDB_PAMPA_001083,-6.49,-6.275083408697435,test,1,Chem+Site,svr,FGLLPG
CYCPEPTMPDB_PAMPA_000394,-5.85,-6.013191609877452,test,1,Chem+Site,svr,AAFALVVGATAD
CYCPEPTMPDB_PAMPA_004224,-5.79,-5.760139740245715,test,1,Chem+Site,svr,PALLPLF
CYCPEPTMPDB_PAMPA_002306,-6.23,-5.088992932583322,test,1,Chem+Site,svr,GLGPLF
CYCPEPTMPDB_PAMPA_006649,-5.92,-6.267692455808986,test,1,Chem+Site,svr,PLTFYFALP
CYCPEPTMPDB_PAMPA_004214,-6.01,-6.337390792750302,test,1,Chem+Site,svr,PALLPLF
CYCPEPTMPDB_PAMPA_006646,-5.53,-5.67925478839088,test,1,Chem+Site,svr,PLTFVFALP
CYCPEPTMPDB_PAMPA_002501,-5.93,-6.146722243082816,test,1,Chem+Site,svr,ALFPLF
CYCPEPTMPDB_PAMPA_002602,-5.08,-5.476543388291245,test,1,Chem+Site,svr,ALGPLF
CYCPEPTMPDB_PAMPA_002872,-4.77,-4.744448255912114,test,1,Chem+Site,svr,ALLPLF
CYCPEPTMPDB_PAMPA_001575,-5.15,-5.492575082900734,test,1,Chem+Site,svr,FGLLP
CYCPEPTMPDB_PAMPA_005034,-10.0,-6.170269071571757,test,1,Chem+Site,svr,PALFPLF
CYCPEPTMPDB_PAMPA_003287,-6.23,-6.3630514316199696,test,1,Chem+Site,svr,PALGPLF
CYCPEPTMPDB_PAMPA_007119,-7.154081504,-6.84715864641186,test,1,Chem+Site,svr,VGLAALAL
CYCPEPTMPDB_PAMPA_006324,-5.09,-5.092976392025924,test,1,Chem+Site,svr,PTLLLLALP
CYCPEPTMPDB_PAMPA_004596,-5.18,-5.462643866731161,test,1,Chem+Site,svr,PGLLPLF
CYCPEPTMPDB_PAMPA_004077,-5.72,-5.883738614431499,test,1,Chem+Site,svr,PALLPLF
CYCPEPTMPDB_PAMPA_006922,-5.49,-5.46478466223417,test,1,Chem+Site,svr,PFPLFL
CYCPEPTMPDB_PAMPA_000949,-5.25,-5.2835085629467065,test,1,Chem+Site,svr,AFPIP
CYCPEPTMPDB_PAMPA_001955,-6.4,-6.182724217518274,test,1,Chem+Site,svr,YLLLLP
CYCPEPTMPDB_PAMPA_006689,-6.7,-6.331241421251172,test,1,Chem+Site,svr,LALGPLALGP
CYCPEPTMPDB_PAMPA_002651,-5.82,-5.590788127814266,test,1,Chem+Site,svr,ALLPLF
CYCPEPTMPDB_PAMPA_001019,-6.46,-6.1159080609937995,test,1,Chem+Site,svr,AGFLPY
CYCPEPTMPDB_PAMPA_005201,-6.32,-5.87999850589649,test,1,Chem+Site,svr,PLTLLLALP
CYCPEPTMPDB_PAMPA_001093,-5.85,-5.386088755732349,test,1,Chem+Site,svr,FLLPG
CYCPEPTMPDB_PAMPA_007104,-5.59938568,-7.1111300134374895,test,1,Chem+Site,svr,AALPGLAL
CYCPEPTMPDB_PAMPA_004474,-5.64,-5.585408183930134,test,1,Chem+Site,svr,PFLGPLF
CYCPEPTMPDB_PAMPA_006068,-5.3,-6.048929692799074,test,1,Chem+Site,svr,PLTLLLALP
CYCPEPTMPDB_PAMPA_003145,-5.91,-5.515077384368213,test,1,Chem+Site,svr,PGGFPLF
CYCPEPTMPDB_PAMPA_006481,-6.5,-6.187908188602036,test,1,Chem+Site,svr,TPLLLLALP
CYCPEPTMPDB_PAMPA_001496,-6.19,-6.471673267924763,test,1,Chem+Site,svr,ALLP
CYCPEPTMPDB_PAMPA_004568,-5.42,-5.627641580361546,test,1,Chem+Site,svr,PFLFPLF
CYCPEPTMPDB_PAMPA_001584,-5.41,-5.21380681860283,test,1,Chem+Site,svr,FGLLPG
CYCPEPTMPDB_PAMPA_000376,-4.7,-4.710576622626742,test,1,Chem+Site,svr,IAFTGALVDFFA
CYCPEPTMPDB_PAMPA_005512,-6.03,-5.290274937446853,test,1,Chem+Site,svr,PLTLLLALP
CYCPEPTMPDB_PAMPA_004720,-5.81,-6.038681288725801,test,1,Chem+Site,svr,PFGLPLF
CYCPEPTMPDB_PAMPA_000522,-4.64,-4.630813784346952,test,1,Chem+Site,svr,ATGFFLPLAVD
CYCPEPTMPDB_PAMPA_004811,-5.9,-5.879731186955485,test,1,Chem+Site,svr,PGLGPLF
CYCPEPTMPDB_PAMPA_004515,-5.37,-5.619001291359462,test,1,Chem+Site,svr,PFLLPLF
CYCPEPTMPDB_PAMPA_004981,-6.22,-6.034491857613281,test,1,Chem+Site,svr,PALFPLF
CYCPEPTMPDB_PAMPA_001610,-5.08,-5.194963059505577,test,1,Chem+Site,svr,FGLLP
CYCPEPTMPDB_PAMPA_003010,-5.29,-5.6478592548197355,test,1,Chem+Site,svr,ALLPLF
CYCPEPTMPDB_PAMPA_003971,-6.59,-6.0472555580474925,test,1,Chem+Site,svr,PGGGPLF
CYCPEPTMPDB_PAMPA_006030,-5.25,-5.2297553360190125,test,1,Chem+Site,svr,PLTLLLALP
CYCPEPTMPDB_PAMPA_002680,-6.1,-6.160146524872399,test,1,Chem+Site,svr,ALGPLF
CYCPEPTMPDB_PAMPA_006799,-6.31,-6.041646478476344,test,1,Chem+Site,svr,PVPVVPVPFF
CYCPEPTMPDB_PAMPA_004584,-5.56,-5.544053728635106,test,1,Chem+Site,svr,PGLLPLF
CYCPEPTMPDB_PAMPA_006212,-5.61,-5.9299840472001595,test,1,Chem+Site,svr,PLTLLLALP
CYCPEPTMPDB_PAMPA_001206,-6.55,-7.180366130735525,test,1,Chem+Site,svr,FGLLP
CYCPEPTMPDB_PAMPA_005890,-7.01,-6.541467446594082,test,1,Chem+Site,svr,PLTLLLALP
CYCPEPTMPDB_PAMPA_002270,-4.94,-5.546455657276952,test,1,Chem+Site,svr,GLLPLF
CYCPEPTMPDB_PAMPA_006124,-7.24,-6.474563063202772,test,1,Chem+Site,svr,PLTLLLALP
CYCPEPTMPDB_PAMPA_004991,-5.8,-5.759185165031336,test,1,Chem+Site,svr,PALGPLF
CYCPEPTMPDB_PAMPA_003618,-5.23,-5.387044552648045,test,1,Chem+Site,svr,PALLPLF
CYCPEPTMPDB_PAMPA_006609,-6.18,-5.290778222989429,test,1,Chem+Site,svr,PLTALFALP
CYCPEPTMPDB_PAMPA_004578,-5.64,-6.049364268115701,test,1,Chem+Site,svr,PGLLPLF
CYCPEPTMPDB_PAMPA_005748,-4.98,-5.593886889066972,test,1,Chem+Site,svr,PLTLLLALP
CYCPEPTMPDB_PAMPA_006706,-4.0,-5.785093932727987,test,1,Chem+Site,svr,LALAALALAA
CYCPEPTMPDB_PAMPA_002280,-4.93,-4.925660887910084,test,1,Chem+Site,svr,GLLPLF
CYCPEPTMPDB_PAMPA_006397,-5.17,-6.1598474150661,test,1,Chem+Site,svr,PTLLLLALP
CYCPEPTMPDB_PAMPA_002940,-4.92,-4.859450956308222,test,1,Chem+Site,svr,ALLPLF
CYCPEPTMPDB_PAMPA_000732,-5.43,-5.265034085100516,test,1,Chem+Site,svr,ATASFLGA
CYCPEPTMPDB_PAMPA_002241,-6.09,-5.783495121794079,test,1,Chem+Site,svr,GLFPLF
CYCPEPTMPDB_PAMPA_003091,-5.33,-5.708186315479439,test,1,Chem+Site,svr,PGLLPLF
CYCPEPTMPDB_PAMPA_005359,-6.85,-6.691617727336395,test,1,Chem+Site,svr,PLTLLLALP
CYCPEPTMPDB_PAMPA_003006,-5.41,-5.480489625853032,test,1,Chem+Site,svr,ALLPLF
CYCPEPTMPDB_PAMPA_003134,-5.61,-5.131711065183337,test,1,Chem+Site,svr,PGLLPGF
CYCPEPTMPDB_PAMPA_002305,-4.77,-4.839342181485655,test,1,Chem+Site,svr,GLLPLF
CYCPEPTMPDB_PAMPA_006160,-8.7,-6.648510091807961,test,1,Chem+Site,svr,PLTLLLALP
CYCPEPTMPDB_PAMPA_005414,-5.35,-5.276755179046569,test,1,Chem+Site,svr,PLTLLLALP
CYCPEPTMPDB_PAMPA_006612,-5.6,-5.557223008554303,test,1,Chem+Site,svr,PLTFLLALP
CYCPEPTMPDB_PAMPA_001549,-5.96,-6.092668135062228,test,1,Chem+Site,svr,AGLLP
CYCPEPTMPDB_PAMPA_006453,-4.88,-5.828270144648638,test,1,Chem+Site,svr,PTLLLLALP
CYCPEPTMPDB_PAMPA_000025,-4.89,-5.001466646119809,test,1,Chem+Site,svr,AIPLGTFALVFD
CYCPEPTMPDB_PAMPA_003187,-5.58,-5.620792332002967,test,1,Chem+Site,svr,PALLPLF
CYCPEPTMPDB_PAMPA_002237,-5.33,-5.217937847161649,test,1,Chem+Site,svr,GLGPLF
CYCPEPTMPDB_PAMPA_000751,-4.52,-4.854450277416104,test,1,Chem+Site,svr,VLLIALTALA
CYCPEPTMPDB_PAMPA_005510,-5.86,-5.7896488407616244,test,1,Chem+Site,svr,PLTLLLALP
CYCPEPTMPDB_PAMPA_006631,-5.51,-5.544223862947435,test,1,Chem+Site,svr,PLTFLFALP
CYCPEPTMPDB_PAMPA_003348,-6.9,-6.530455271881171,test,1,Chem+Site,svr,PALLPGF
CYCPEPTMPDB_PAMPA_001165,-6.03,-5.6399294173263925,test,1,Chem+Site,svr,FLLPG
CYCPEPTMPDB_PAMPA_007197,-10.0,-8.157239673121607,test,1,Chem+Site,svr,VGLPALAL
CYCPEPTMPDB_PAMPA_003050,-5.52,-5.285400896436868,test,1,Chem+Site,svr,ALGPLF
CYCPEPTMPDB_PAMPA_000274,-4.72,-4.508067202543066,test,1,Chem+Site,svr,AAFLTGLIVDFA
CYCPEPTMPDB_PAMPA_002864,-5.22,-5.789886684732904,test,1,Chem+Site,svr,ALGPLF
CYCPEPTMPDB_PAMPA_004594,-5.73,-5.737110874390502,test,1,Chem+Site,svr,PGLLPLF
CYCPEPTMPDB_PAMPA_004131,-5.55,-5.928157113042608,test,1,Chem+Site,svr,PALLPLF
CYCPEPTMPDB_PAMPA_003619,-6.46,-6.117912224379304,test,1,Chem+Site,svr,PALGPLF
CYCPEPTMPDB_PAMPA_003563,-5.2,-5.3392905407782845,test,1,Chem+Site,svr,PALGPLF
CYCPEPTMPDB_PAMPA_004484,-5.99,-5.9088855552511435,test,1,Chem+Site,svr,PFLFPGF
CYCPEPTMPDB_PAMPA_003719,-10.0,-6.385301525071129,test,1,Chem+Site,svr,PALGPLF
CYCPEPTMPDB_PAMPA_003068,-5.19,-5.314300932189351,test,1,Chem+Site,svr,ALFPLF
CYCPEPTMPDB_PAMPA_001235,-5.42,-5.461809436434535,test,1,Chem+Site,svr,FGLLP
CYCPEPTMPDB_PAMPA_006297,-6.68,-5.371753566352802,test,1,Chem+Site,svr,PTLLLLALP
CYCPEPTMPDB_PAMPA_004562,-5.44,-5.5596152846139955,test,1,Chem+Site,svr,PFLGPLF
CYCPEPTMPDB_PAMPA_003331,-6.6,-6.359095384293733,test,1,Chem+Site,svr,PALLPLF
CYCPEPTMPDB_PAMPA_001633,-5.15,-5.2146159523738955,test,1,Chem+Site,svr,FLLP
CYCPEPTMPDB_PAMPA_000344,-5.14,-4.650303561031016,test,1,Chem+Site,svr,AFVAALFTAADFA
CYCPEPTMPDB_PAMPA_006616,-5.72,-5.784134692891452,test,1,Chem+Site,svr,PLTLYFALP
CYCPEPTMPDB_PAMPA_005895,-5.27,-5.789008710832872,test,1,Chem+Site,svr,PLTLLLALP
CYCPEPTMPDB_PAMPA_003755,-5.33,-5.392676755759868,test,1,Chem+Site,svr,PALLPGF
CYCPEPTMPDB_PAMPA_005105,-6.31,-6.681348080214926,test,1,Chem+Site,svr,ALG
CYCPEPTMPDB_PAMPA_006484,-7.0,-7.289878073353697,test,1,Chem+Site,svr,TPLLLLALP
CYCPEPTMPDB_PAMPA_004854,-5.49,-5.589765571769189,test,1,Chem+Site,svr,PFLLPLF
CYCPEPTMPDB_PAMPA_000266,-4.55,-4.785748862484719,test,1,Chem+Site,svr,AAFVFGLLLADFA
CYCPEPTMPDB_PAMPA_006164,-5.61,-5.6515882096328784,test,1,Chem+Site,svr,PLTLLLALP
CYCPEPTMPDB_PAMPA_001529,-5.23,-5.8135315820918,test,1,Chem+Site,svr,AGLLP
CYCPEPTMPDB_PAMPA_007174,-5.56819567,-6.5648935365791505,test,1,Chem+Site,svr,VGLPALAL
CYCPEPTMPDB_PAMPA_003825,-6.29,-6.238232244794949,test,1,Chem+Site,svr,PALGPLF
CYCPEPTMPDB_PAMPA_004538,-5.58,-6.07235700043568,test,1,Chem+Site,svr,PFLLPGF
CYCPEPTMPDB_PAMPA_003046,-5.3,-5.459469140392513,test,1,Chem+Site,svr,ALLPGF
CYCPEPTMPDB_PAMPA_003642,-5.18,-5.314069215336346,test,1,Chem+Site,svr,PALLPLF
CYCPEPTMPDB_PAMPA_005035,-10.0,-5.5359982753905985,test,1,Chem+Site,svr,PALGPLF
CYCPEPTMPDB_PAMPA_001080,-5.17,-4.92083677438522,test,1,Chem+Site,svr,FGLLPG
CYCPEPTMPDB_PAMPA_000540,-7.0,-6.237707098021327,test,1,Chem+Site,svr,ALIVFLFDFATF
CYCPEPTMPDB_PAMPA_003504,-5.06,-5.419054182749951,test,1,Chem+Site,svr,PALLPLF
CYCPEPTMPDB_PAMPA_003643,-5.17,-5.2036400297960625,test,1,Chem+Site,svr,PALLPLF
CYCPEPTMPDB_PAMPA_005428,-5.16,-5.604131726991026,test,1,Chem+Site,svr,PLTLLLALP
CYCPEPTMPDB_PAMPA_004548,-6.04,-5.594716734525554,test,1,Chem+Site,svr,PFLLPGF
CYCPEPTMPDB_PAMPA_007022,-7.06052236,-6.79617260696665,test,1,Chem+Site,svr,AALAGLAL
CYCPEPTMPDB_PAMPA_004827,-6.15,-5.959156324102398,test,1,Chem+Site,svr,PGGGPLF
CYCPEPTMPDB_PAMPA_001673,-5.72,-5.597897569763811,test,1,Chem+Site,svr,AGLLP
CYCPEPTMPDB_PAMPA_000925,-10.0,-6.017654016831634,test,1,Chem+Site,svr,KVA
CYCPEPTMPDB_PAMPA_002082,-4.99,-5.5365209248625975,test,1,Chem+Site,svr,FLFPLF
CYCPEPTMPDB_PAMPA_001449,-6.41,-6.825593697657597,test,1,Chem+Site,svr,FGLLP
CYCPEPTMPDB_PAMPA_001729,-5.44,-5.487357751739967,test,1,Chem+Site,svr,AGLLP
CYCPEPTMPDB_PAMPA_000275,-4.85,-4.466212390282683,test,1,Chem+Site,svr,AVLTFGLVFDFA
CYCPEPTMPDB_PAMPA_005266,-6.1,-5.836273180511105,test,1,Chem+Site,svr,PLTLLLALP
CYCPEPTMPDB_PAMPA_005745,-5.78,-5.217997280347473,test,1,Chem+Site,svr,PLTLLLALP
CYCPEPTMPDB_PAMPA_002933,-5.15,-5.169735227396947,test,1,Chem+Site,svr,ALLPLF
CYCPEPTMPDB_PAMPA_000178,-4.66,-4.420094397933254,test,1,Chem+Site,svr,AALTFVGLLDFA
CYCPEPTMPDB_PAMPA_004264,-6.02,-5.784581626264362,test,1,Chem+Site,svr,PALGPLF
CYCPEPTMPDB_PAMPA_006809,-6.15,-6.017641401581108,test,1,Chem+Site,svr,MALALPAPPL
CYCPEPTMPDB_PAMPA_006766,-5.49,-5.985883106117984,test,1,Chem+Site,svr,PAAVLLLPL
CYCPEPTMPDB_PAMPA_001472,-6.76,-6.477701719127225,test,1,Chem+Site,svr,AGLLPG
CYCPEPTMPDB_PAMPA_002283,-4.83,-4.877743177706683,test,1,Chem+Site,svr,GLLPLF
CYCPEPTMPDB_PAMPA_006589,-5.46,-5.551617451878256,test,1,Chem+Site,svr,PLTVLFALP
CYCPEPTMPDB_PAMPA_002187,-4.93,-5.761154927164736,test,1,Chem+Site,svr,GLLPLF
CYCPEPTMPDB_PAMPA_004012,-7.3,-6.448245150544652,test,1,Chem+Site,svr,PALLPGF
CYCPEPTMPDB_PAMPA_006122,-5.59,-5.5451492982272015,test,1,Chem+Site,svr,PLTLLLALP
CYCPEPTMPDB_PAMPA_005968,-5.14,-6.058967166026835,test,1,Chem+Site,svr,PLTLLLALP
CYCPEPTMPDB_PAMPA_000182,-4.44,-4.623873808995325,test,1,Chem+Site,svr,VFALTGLVDFA
CYCPEPTMPDB_PAMPA_001539,-5.1,-5.26941721653232,test,1,Chem+Site,svr,FGLLP
CYCPEPTMPDB_PAMPA_002126,-5.7,-5.739980976715749,test,1,Chem+Site,svr,FLGPLF
CYCPEPTMPDB_PAMPA_006242,-5.44,-5.549180751381667,test,1,Chem+Site,svr,PLTLLLALP
CYCPEPTMPDB_PAMPA_004190,-5.48,-5.62197638350825,test,1,Chem+Site,svr,PALLPGF
CYCPEPTMPDB_PAMPA_004698,-5.56,-5.458446637288813,test,1,Chem+Site,svr,PFLLPLF
CYCPEPTMPDB_PAMPA_005688,-6.78,-5.921302652942935,test,1,Chem+Site,svr,PLTLLLALP
CYCPEPTMPDB_PAMPA_006878,-5.77,-6.193899458207468,test,1,Chem+Site,svr,PPLLLL
CYCPEPTMPDB_PAMPA_004841,-5.97,-5.770238084577723,test,1,Chem+Site,svr,PGLFPGF
CYCPEPTMPDB_PAMPA_004615,-5.82,-5.740653303889404,test,1,Chem+Site,svr,PGGLPLF
CYCPEPTMPDB_PAMPA_002249,-5.7,-5.229066940250859,test,1,Chem+Site,svr,GLLPGF
CYCPEPTMPDB_PAMPA_002599,-5.99,-6.054197760557479,test,1,Chem+Site,svr,ALFPLF
CYCPEPTMPDB_PAMPA_006444,-5.1,-5.493565749406874,test,1,Chem+Site,svr,PTLLLLALP
CYCPEPTMPDB_PAMPA_004694,-5.57,-5.474124783322699,test,1,Chem+Site,svr,PFLLPLF
CYCPEPTMPDB_PAMPA_006471,-5.12,-5.061084559892301,test,1,Chem+Site,svr,PTLLLLALP
CYCPEPTMPDB_PAMPA_001556,-5.29,-5.122729923165581,test,1,Chem+Site,svr,FGLLP
CYCPEPTMPDB_PAMPA_003795,-5.3,-5.907251045352851,test,1,Chem+Site,svr,PALLPLF
CYCPEPTMPDB_PAMPA_006692,-6.5,-6.000256257152773,test,1,Chem+Site,svr,LTLPALTLPA
CYCPEPTMPDB_PAMPA_004199,-5.74,-5.711417138128388,test,1,Chem+Site,svr,PAGLPLF
CYCPEPTMPDB_PAMPA_000912,-7.4,-7.00711769721214,test,1,Chem+Site,svr,PVVAA
CYCPEPTMPDB_PAMPA_007068,-10.0,-7.520339113939174,test,1,Chem+Site,svr,AALPGLAL
CYCPEPTMPDB_PAMPA_002046,-5.5,-5.187480958071199,test,1,Chem+Site,svr,FLLPLF
CYCPEPTMPDB_PAMPA_001886,-5.78,-5.749114014594525,test,1,Chem+Site,svr,PLLLLY
CYCPEPTMPDB_PAMPA_006775,-5.63,-5.908041657008324,test,1,Chem+Site,svr,PIPPLVILA
CYCPEPTMPDB_PAMPA_005701,-8.1,-7.084832156031876,test,1,Chem+Site,svr,PLTLLLALP
CYCPEPTMPDB_PAMPA_000103,-4.85,-4.414557617288228,test,1,Chem+Site,svr,ALIVATGLFD
CYCPEPTMPDB_PAMPA_001299,-5.75,-5.200882203423,test,1,Chem+Site,svr,LGLLP
CYCPEPTMPDB_PAMPA_003074,-6.26,-6.08503826013615,test,1,Chem+Site,svr,PGLLPLF
CYCPEPTMPDB_PAMPA_005901,-5.61,-5.828819220407515,test,1,Chem+Site,svr,PLTLLLALP
CYCPEPTMPDB_PAMPA_005024,-5.56,-5.442408229980379,test,1,Chem+Site,svr,PALLPLF
CYCPEPTMPDB_PAMPA_000142,-4.31,-4.827543350013396,test,1,Chem+Site,svr,ALLALFFTALD
CYCPEPTMPDB_PAMPA_002457,-5.14,-5.400699306689531,test,1,Chem+Site,svr,ALLPLF
CYCPEPTMPDB_PAMPA_005086,-5.41,-5.520031488960995,test,1,Chem+Site,svr,PALGPLF
CYCPEPTMPDB_PAMPA_003565,-5.61,-5.566456415297498,test,1,Chem+Site,svr,PALFPLF
CYCPEPTMPDB_PAMPA_005602,-7.11,-6.231254816750512,test,1,Chem+Site,svr,PLTLLLALP
CYCPEPTMPDB_PAMPA_006296,-6.62,-5.769890766831003,test,1,Chem+Site,svr,PTLLLLALP
CYCPEPTMPDB_PAMPA_002145,-5.31,-5.526625836890097,test,1,Chem+Site,svr,FLLPGF
CYCPEPTMPDB_PAMPA_000367,-4.85,-4.62140751762798,test,1,Chem+Site,svr,TGAVFLFDFA
CYCPEPTMPDB_PAMPA_003513,-5.97,-6.0205564889262435,test,1,Chem+Site,svr,PALGPLF
CYCPEPTMPDB_PAMPA_001239,-6.65,-5.9212948981737,test,1,Chem+Site,svr,FGLLP
CYCPEPTMPDB_PAMPA_005497,-5.71,-6.181828787428305,test,1,Chem+Site,svr,PLTLLLALP
CYCPEPTMPDB_PAMPA_002260,-5.76,-5.596414568970154,test,1,Chem+Site,svr,GLGPGF
CYCPEPTMPDB_PAMPA_003874,-5.87,-6.37787567566359,test,1,Chem+Site,svr,PALGPGF
CYCPEPTMPDB_PAMPA_000015,-6.68,-6.778622662827423,test,1,Chem+Site,svr,YPLLLL
CYCPEPTMPDB_PAMPA_004229,-6.86,-6.252388435996622,test,1,Chem+Site,svr,PALLPLF
CYCPEPTMPDB_PAMPA_001055,-5.32,-5.398108904287163,test,1,Chem+Site,svr,AGLLPG
CYCPEPTMPDB_PAMPA_004071,-6.34,-6.617232364724403,test,1,Chem+Site,svr,PALLPLF
CYCPEPTMPDB_PAMPA_000154,-4.37,-4.613215087708352,test,1,Chem+Site,svr,AAFLTGLSLD
CYCPEPTMPDB_PAMPA_002016,-4.85,-5.35350190812108,test,1,Chem+Site,svr,FLLPLF
CYCPEPTMPDB_PAMPA_002752,-5.11,-5.779692369589595,test,1,Chem+Site,svr,ALLPGF
CYCPEPTMPDB_PAMPA_005450,-5.21,-5.465597701011972,test,1,Chem+Site,svr,PLTLLLALP
CYCPEPTMPDB_PAMPA_002772,-5.17,-5.308289254883352,test,1,Chem+Site,svr,ALGPLF
CYCPEPTMPDB_PAMPA_003173,-5.66,-5.667018338504367,test,1,Chem+Site,svr,PALLPLF
CYCPEPTMPDB_PAMPA_002269,-6.08,-5.365332714719288,test,1,Chem+Site,svr,GLLPLF
CYCPEPTMPDB_PAMPA_004449,-5.83,-5.825359359423281,test,1,Chem+Site,svr,PFLFPLF
CYCPEPTMPDB_PAMPA_001857,-5.03,-5.047655159786416,test,1,Chem+Site,svr,ALLLPF
CYCPEPTMPDB_PAMPA_006917,-6.39,-6.10688114562788,test,1,Chem+Site,svr,PFPLAL
CYCPEPTMPDB_PAMPA_005545,-5.74,-5.639264892384019,test,1,Chem+Site,svr,PLTLLLALP
CYCPEPTMPDB_PAMPA_006248,-6.38,-5.821256639419671,test,1,Chem+Site,svr,PLTLLLALP
CYCPEPTMPDB_PAMPA_005064,-10.0,-5.742043009520132,test,1,Chem+Site,svr,PAGLPLF
CYCPEPTMPDB_PAMPA_003071,-10.0,-5.703249547317048,test,1,Chem+Site,svr,AGFPLF
CYCPEPTMPDB_PAMPA_006979,-5.3,-6.017676312203764,test,1,Chem+Site,svr,ARIFVLF
CYCPEPTMPDB_PAMPA_005348,-6.0,-5.815835590484885,test,1,Chem+Site,svr,PLTLLLALP
CYCPEPTMPDB_PAMPA_001722,-6.88,-6.154416930175614,test,1,Chem+Site,svr,FGLLP
CYCPEPTMPDB_PAMPA_002891,-4.94,-4.9900177060657755,test,1,Chem+Site,svr,ALLPGF
CYCPEPTMPDB_PAMPA_004058,-10.0,-6.813581468431503,test,1,Chem+Site,svr,PALLPLF
CYCPEPTMPDB_PAMPA_004948,-5.88,-5.625208691182604,test,1,Chem+Site,svr,PALLPLF
CYCPEPTMPDB_PAMPA_005013,-6.41,-6.116831927405211,test,1,Chem+Site,svr,PAGFPGF
CYCPEPTMPDB_PAMPA_001015,-7.7,-6.86546052787291,test,1,Chem+Site,svr,AGFLLY
CYCPEPTMPDB_PAMPA_005234,-5.47,-5.315848061262042,test,1,Chem+Site,svr,PLTLLLALP
CYCPEPTMPDB_PAMPA_006754,-5.17,-6.0005091625202,test,1,Chem+Site,svr,FIPPIVPF
CYCPEPTMPDB_PAMPA_001667,-5.23,-5.486260158339861,test,1,Chem+Site,svr,FGLLP
CYCPEPTMPDB_PAMPA_004333,-5.21,-5.388250251458224,test,1,Chem+Site,svr,PALLPLF
CYCPEPTMPDB_PAMPA_005385,-5.42,-5.413038808772676,test,1,Chem+Site,svr,PLTLLLALP
CYCPEPTMPDB_PAMPA_006542,-5.1,-5.169396031084661,test,1,Chem+Site,svr,TPLLLLALP
CYCPEPTMPDB_PAMPA_004762,-5.51,-5.714347397242982,test,1,Chem+Site,svr,PGLLPLF
CYCPEPTMPDB_PAMPA_002216,-5.93,-5.456894970583157,test,1,Chem+Site,svr,GLLPGF
CYCPEPTMPDB_PAMPA_005356,-6.11,-6.262429334246606,test,1,Chem+Site,svr,PLTLLLALP
CYCPEPTMPDB_PAMPA_006047,-5.49,-5.692291276665751,test,1,Chem+Site,svr,PLTLLLALP
CYCPEPTMPDB_PAMPA_004741,-5.61,-6.060586511750612,test,1,Chem+Site,svr,PFLGPLF
CYCPEPTMPDB_PAMPA_006298,-7.13,-5.498836778396097,test,1,Chem+Site,svr,PTLLLLALP
CYCPEPTMPDB_PAMPA_003868,-10.0,-5.810459417903237,test,1,Chem+Site,svr,PALFPLF
CYCPEPTMPDB_PAMPA_002296,-4.8,-4.69343274335742,test,1,Chem+Site,svr,GLLPLF
CYCPEPTMPDB_PAMPA_007105,-5.33222578,-6.298296883644068,test,1,Chem+Site,svr,AALPGLAL
CYCPEPTMPDB_PAMPA_006942,-4.97,-5.383121308106942,test,1,Chem+Site,svr,LLLPYL
CYCPEPTMPDB_PAMPA_001523,-5.24,-5.254288270481671,test,1,Chem+Site,svr,FGLLP
CYCPEPTMPDB_PAMPA_000463,-4.34,-4.585951536440816,test,1,Chem+Site,svr,ALTFGAVLLLD
CYCPEPTMPDB_PAMPA_006437,-4.92,-5.435164432644033,test,1,Chem+Site,svr,PTLLLLALP
CYCPEPTMPDB_PAMPA_001386,-6.49,-6.140073510520598,test,1,Chem+Site,svr,LGLLP
CYCPEPTMPDB_PAMPA_004736,-5.76,-6.045695672325507,test,1,Chem+Site,svr,PFGLPLF
CYCPEPTMPDB_PAMPA_000658,-4.8,-4.8218764432133945,test,1,Chem+Site,svr,VFGLTLD
CYCPEPTMPDB_PAMPA_006882,-6.2,-6.384473432420359,test,1,Chem+Site,svr,PLLLLP
CYCPEPTMPDB_PAMPA_003288,-5.9,-5.862415024911632,test,1,Chem+Site,svr,PALGPLF
CYCPEPTMPDB_PAMPA_003232,-6.41,-6.193252467305769,test,1,Chem+Site,svr,PALLPLF
CYCPEPTMPDB_PAMPA_004894,-5.63,-5.674994966182929,test,1,Chem+Site,svr,PFGLPLF
CYCPEPTMPDB_PAMPA_002617,-6.34,-6.326481069838048,test,1,Chem+Site,svr,ALLPLF
CYCPEPTMPDB_PAMPA_004206,-5.74,-5.641200475999263,test,1,Chem+Site,svr,PALFPLF
CYCPEPTMPDB_PAMPA_002044,-5.34,-5.254566708496223,test,1,Chem+Site,svr,FLLPLF
CYCPEPTMPDB_PAMPA_000352,-5.8,-5.72299358560053,test,1,Chem+Site,svr,ALAAAFATAADFA
CYCPEPTMPDB_PAMPA_002047,-5.21,-5.290376983086309,test,1,Chem+Site,svr,FLLPLF
CYCPEPTMPDB_PAMPA_002180,-6.02,-5.8147779361077925,test,1,Chem+Site,svr,FGFPLF
CYCPEPTMPDB_PAMPA_003176,-6.27,-6.496189596302158,test,1,Chem+Site,svr,PALGPLF
CYCPEPTMPDB_PAMPA_002673,-6.09,-5.708930578900714,test,1,Chem+Site,svr,ALGPLF
CYCPEPTMPDB_PAMPA_005117,-6.92,-6.865761458934975,test,1,Chem+Site,svr,GLF
CYCPEPTMPDB_PAMPA_005555,-5.38,-6.146077181016492,test,1,Chem+Site,svr,PLTLLLALP
CYCPEPTMPDB_PAMPA_001593,-5.22,-5.1191268427254615,test,1,Chem+Site,svr,FGLLP
CYCPEPTMPDB_PAMPA_003227,-10.0,-6.307511483659803,test,1,Chem+Site,svr,PALLPLF
CYCPEPTMPDB_PAMPA_006759,-5.48,-5.793984969754535,test,1,Chem+Site,svr,LVLLFVPVP
CYCPEPTMPDB_PAMPA_006723,-5.06,-5.810590854737071,test,1,Chem+Site,svr,PPLFLVF
CYCPEPTMPDB_PAMPA_002900,-5.1,-5.077531743685352,test,1,Chem+Site,svr,ALFPLF
CYCPEPTMPDB_PAMPA_000072,-4.6,-4.352526504918526,test,1,Chem+Site,svr,AFLTGSLID
CYCPEPTMPDB_PAMPA_006921,-5.73,-5.280668331917489,test,1,Chem+Site,svr,PLPLFL
CYCPEPTMPDB_PAMPA_000128,-4.19,-4.610234892912791,test,1,Chem+Site,svr,AAGLTFLSID
CYCPEPTMPDB_PAMPA_004101,-10.0,-6.277581849909848,test,1,Chem+Site,svr,PALGPLF
CYCPEPTMPDB_PAMPA_003387,-7.85,-6.371980507644997,test,1,Chem+Site,svr,PALLPLF
CYCPEPTMPDB_PAMPA_005090,-10.0,-5.5472779711888425,test,1,Chem+Site,svr,PALFPLF
CYCPEPTMPDB_PAMPA_003455,-5.78,-5.658314379576893,test,1,Chem+Site,svr,PALGPLF
CYCPEPTMPDB_PAMPA_001234,-7.04,-6.54609262290078,test,1,Chem+Site,svr,LLLP
CYCPEPTMPDB_PAMPA_007223,-6.262063272,-6.668252481592663,test,1,Chem+Site,svr,LGLPAFAL
CYCPEPTMPDB_PAMPA_005585,-5.14,-5.540608102722134,test,1,Chem+Site,svr,PLTLLLALP
CYCPEPTMPDB_PAMPA_006666,-6.03,-5.344787553021646,test,1,Chem+Site,svr,PLTFLFALP
CYCPEPTMPDB_PAMPA_005008,-5.78,-5.688313100019838,test,1,Chem+Site,svr,PALFPLF
CYCPEPTMPDB_PAMPA_003056,-5.22,-5.22502212546845,test,1,Chem+Site,svr,ALLPGF
CYCPEPTMPDB_PAMPA_004098,-5.96,-6.287480234638706,test,1,Chem+Site,svr,PALLPGF
CYCPEPTMPDB_PAMPA_005191,-5.39,-5.601410670801872,test,1,Chem+Site,svr,PLTLLLALP
CYCPEPTMPDB_PAMPA_003471,-6.01,-6.168675146341122,test,1,Chem+Site,svr,PALGPGF
CYCPEPTMPDB_PAMPA_005267,-6.43,-5.972330645901244,test,1,Chem+Site,svr,PLTLLLALP
CYCPEPTMPDB_PAMPA_005983,-5.64,-5.3895661947756,test,1,Chem+Site,svr,PLTLLLALP
CYCPEPTMPDB_PAMPA_000603,-4.74,-4.510773375843291,test,1,Chem+Site,svr,ATGLILFLDAPA
CYCPEPTMPDB_PAMPA_000357,-5.04,-5.2250281678546315,test,1,Chem+Site,svr,ATFLILFLDFA
CYCPEPTMPDB_PAMPA_002487,-5.79,-5.779692369589595,test,1,Chem+Site,svr,ALGPLF
CYCPEPTMPDB_PAMPA_004563,-6.15,-6.003568484431901,test,1,Chem+Site,svr,PFLGPGF
CYCPEPTMPDB_PAMPA_002258,-5.18,-5.779971825539641,test,1,Chem+Site,svr,GLGPGF
CYCPEPTMPDB_PAMPA_002718,-5.42,-6.235563992121264,test,1,Chem+Site,svr,ALLPLF
CYCPEPTMPDB_PAMPA_002149,-5.69,-5.6757573961758006,test,1,Chem+Site,svr,FLFPLF
CYCPEPTMPDB_PAMPA_006865,-10.0,-8.079650122728577,test,1,Chem+Site,svr,VGLVLQALALL
CYCPEPTMPDB_PAMPA_000267,-5.82,-4.6783541399441635,test,1,Chem+Site,svr,AILLFLGPTFDFA
CYCPEPTMPDB_PAMPA_007008,-5.371453385,-5.661981266576844,test,1,Chem+Site,svr,LAVPALAL
CYCPEPTMPDB_PAMPA_004912,-5.75,-5.656746460185883,test,1,Chem+Site,svr,PFLLPGF
CYCPEPTMPDB_PAMPA_005506,-6.12,-6.219599824197877,test,1,Chem+Site,svr,PLTLLLALP
CYCPEPTMPDB_PAMPA_006762,-6.65,-5.711359817547911,test,1,Chem+Site,svr,PLLLPAAIP
CYCPEPTMPDB_PAMPA_002505,-6.0,-6.1908248598084885,test,1,Chem+Site,svr,ALFPLF
CYCPEPTMPDB_PAMPA_003373,-5.6,-5.504049313052512,test,1,Chem+Site,svr,PALGPLF
CYCPEPTMPDB_PAMPA_004961,-5.68,-5.72020451979715,test,1,Chem+Site,svr,PALLPLF
CYCPEPTMPDB_PAMPA_000565,-5.77,-6.2309620579843275,test,1,Chem+Site,svr,GFLGFLLPRLDFA
CYCPEPTMPDB_PAMPA_001203,-7.19,-6.87207173461295,test,1,Chem+Site,svr,FGLLP
CYCPEPTMPDB_PAMPA_002513,-6.33,-6.302251290048939,test,1,Chem+Site,svr,AGFPLF
CYCPEPTMPDB_PAMPA_002186,-5.81,-5.7832914795439345,test,1,Chem+Site,svr,FGFPGF
CYCPEPTMPDB_PAMPA_000730,-4.48,-4.39629908453822,test,1,Chem+Site,svr,VLTAFLFLA
CYCPEPTMPDB_PAMPA_007094,-6.869663485,-7.128173259381693,test,1,Chem+Site,svr,AALPGLAL
CYCPEPTMPDB_PAMPA_000150,-4.26,-4.833105647538293,test,1,Chem+Site,svr,ALLALFFTALD
CYCPEPTMPDB_PAMPA_001151,-5.29,-5.251398591343015,test,1,Chem+Site,svr,LGLLPG
CYCPEPTMPDB_PAMPA_000478,-4.26,-4.364222902678615,test,1,Chem+Site,svr,AFLLLFLTD
CYCPEPTMPDB_PAMPA_000237,-5.12,-5.434095587908049,test,1,Chem+Site,svr,VTAVFLAGID
CYCPEPTMPDB_PAMPA_005452,-5.67,-5.854255670432587,test,1,Chem+Site,svr,PLTLLLALP
CYCPEPTMPDB_PAMPA_006718,-4.94,-5.829683175297742,test,1,Chem+Site,svr,VFLPFP
CYCPEPTMPDB_PAMPA_004750,-5.58,-5.748593098477427,test,1,Chem+Site,svr,PFLFPLF
CYCPEPTMPDB_PAMPA_000449,-5.29,-4.686614601754707,test,1,Chem+Site,svr,AFAAFLATAVSD
CYCPEPTMPDB_PAMPA_002969,-5.6,-5.435274403180954,test,1,Chem+Site,svr,ALFPLF
CYCPEPTMPDB_PAMPA_003518,-5.03,-5.192018854593109,test,1,Chem+Site,svr,PALLPLF
CYCPEPTMPDB_PAMPA_000682,-4.92,-4.789897312131597,test,1,Chem+Site,svr,ATGLLFD
CYCPEPTMPDB_PAMPA_003324,-6.95,-6.137935165771998,test,1,Chem+Site,svr,PALLPLF
CYCPEPTMPDB_PAMPA_001823,-5.09,-5.354956661804592,test,1,Chem+Site,svr,LALLPY
CYCPEPTMPDB_PAMPA_004122,-5.07,-5.824339161076444,test,1,Chem+Site,svr,PALFPLF
CYCPEPTMPDB_PAMPA_003188,-5.23,-5.4462079597099455,test,1,Chem+Site,svr,PALLPLF
CYCPEPTMPDB_PAMPA_000764,-4.52,-4.952251111618025,test,1,Chem+Site,svr,ALTGSLIA
CYCPEPTMPDB_PAMPA_001780,-6.1,-5.8216634497099715,test,1,Chem+Site,svr,AVALALLAPY
CYCPEPTMPDB_PAMPA_004051,-5.49,-5.8013491795354994,test,1,Chem+Site,svr,PALFPLF
CYCPEPTMPDB_PAMPA_001058,-7.27,-7.1263217264534715,test,1,Chem+Site,svr,ALLPG
CYCPEPTMPDB_PAMPA_003907,-5.0,-5.3988139662899854,test,1,Chem+Site,svr,PGLLPLF
CYCPEPTMPDB_PAMPA_000702,-5.3,-5.004576971028646,test,1,Chem+Site,svr,ALATGFVALLA
CYCPEPTMPDB_PAMPA_005706,-7.44,-7.035683012738874,test,1,Chem+Site,svr,PLTLLLALP
CYCPEPTMPDB_PAMPA_000354,-4.6,-4.626093282419011,test,1,Chem+Site,svr,AVFFAALTADFA
CYCPEPTMPDB_PAMPA_000002,-7.0,-6.194430802242668,test,1,Chem+Site,svr,LLLLPY
CYCPEPTMPDB_PAMPA_005041,-5.94,-5.849601991334917,test,1,Chem+Site,svr,PALLPLF
CYCPEPTMPDB_PAMPA_000318,-4.7,-4.787900949738741,test,1,Chem+Site,svr,AFLITLFFLD
CYCPEPTMPDB_PAMPA_002809,-6.11,-5.667624011065541,test,1,Chem+Site,svr,AGFPLF
CYCPEPTMPDB_PAMPA_003126,-5.9,-5.596390925660327,test,1,Chem+Site,svr,PGLFPLF
CYCPEPTMPDB_PAMPA_002394,-6.07,-5.7511505149721005,test,1,Chem+Site,svr,ALGPLF
CYCPEPTMPDB_PAMPA_001304,-5.62,-5.79918440041563,test,1,Chem+Site,svr,ALLP
CYCPEPTMPDB_PAMPA_004408,-5.31,-5.557195509859126,test,1,Chem+Site,svr,PFLLPLF
CYCPEPTMPDB_PAMPA_005093,-5.77,-5.856237112353161,test,1,Chem+Site,svr,PAGFPLF
CYCPEPTMPDB_PAMPA_000310,-5.6,-5.174180011864344,test,1,Chem+Site,svr,AFATAFVLAAD
CYCPEPTMPDB_PAMPA_001850,-5.83,-4.445526984749698,test,1,Chem+Site,svr,AGLVLAALLAL
CYCPEPTMPDB_PAMPA_007004,-5.354681388,-6.1542807311547705,test,1,Chem+Site,svr,LAVPAAAL
CYCPEPTMPDB_PAMPA_006101,-5.86,-5.769785769530919,test,1,Chem+Site,svr,PLTLLLALP
CYCPEPTMPDB_PAMPA_002831,-4.97,-5.14774710006223,test,1,Chem+Site,svr,ALLPLF
CYCPEPTMPDB_PAMPA_002963,-5.56,-5.2916255594560235,test,1,Chem+Site,svr,ALGPLF
CYCPEPTMPDB_PAMPA_006570,-6.85,-6.528095045450243,test,1,Chem+Site,svr,PLTFFFALP
CYCPEPTMPDB_PAMPA_001168,-5.53,-5.826337930588549,test,1,Chem+Site,svr,FLLPG
CYCPEPTMPDB_PAMPA_001007,-6.39,-5.928486662784,test,1,Chem+Site,svr,ILIIPA
CYCPEPTMPDB_PAMPA_000205,-4.51,-4.676339059237782,test,1,Chem+Site,svr,AVFLATLLGIFD
CYCPEPTMPDB_PAMPA_003670,-5.84,-6.067697385124168,test,1,Chem+Site,svr,PALGPGF
CYCPEPTMPDB_PAMPA_002698,-5.0,-5.381924062587214,test,1,Chem+Site,svr,ALGPLF
CYCPEPTMPDB_PAMPA_006817,-6.2,-5.818177265579469,test,1,Chem+Site,svr,LVFLPFIPLP
CYCPEPTMPDB_PAMPA_003146,-10.0,-5.547025529826259,test,1,Chem+Site,svr,PGLFPGF
CYCPEPTMPDB_PAMPA_006787,-5.67,-5.989860297253945,test,1,Chem+Site,svr,LVLLFVPGP
CYCPEPTMPDB_PAMPA_006521,-5.93,-5.650998380074473,test,1,Chem+Site,svr,TPLLLLALP
CYCPEPTMPDB_PAMPA_002784,-4.98,-5.242204334134107,test,1,Chem+Site,svr,ALLPGF
CYCPEPTMPDB_PAMPA_003728,-10.0,-5.433526858794539,test,1,Chem+Site,svr,PALLPLF
CYCPEPTMPDB_PAMPA_004788,-5.76,-5.938682426303429,test,1,Chem+Site,svr,PGLLPGF
CYCPEPTMPDB_PAMPA_002332,-5.59,-5.500059127196893,test,1,Chem+Site,svr,GLGPGF
CYCPEPTMPDB_PAMPA_007066,-7.748735689,-7.362081070624123,test,1,Chem+Site,svr,AALPGLAL
CYCPEPTMPDB_PAMPA_005173,-7.31,-6.734276070529416,test,1,Chem+Site,svr,PLTLLLALP
CYCPEPTMPDB_PAMPA_004710,-5.68,-5.926227335459677,test,1,Chem+Site,svr,PFLGPLF
CYCPEPTMPDB_PAMPA_003601,-6.36,-6.1754164718523,test,1,Chem+Site,svr,PALLPLF
CYCPEPTMPDB_PAMPA_002958,-5.61,-5.714740363457482,test,1,Chem+Site,svr,ALGPLF
CYCPEPTMPDB_PAMPA_000606,-5.4,-5.510727574716369,test,1,Chem+Site,svr,AIAFTFLPDAIPVA
CYCPEPTMPDB_PAMPA_005417,-5.42,-5.3172372472359655,test,1,Chem+Site,svr,PLTLLLALP
CYCPEPTMPDB_PAMPA_006800,-6.74,-6.264441865739557,test,1,Chem+Site,svr,LAPPPPVLLA
CYCPEPTMPDB_PAMPA_002800,-4.81,-4.8364864949449675,test,1,Chem+Site,svr,ALGPLF
CYCPEPTMPDB_PAMPA_000069,-4.42,-4.197046928535169,test,1,Chem+Site,svr,VATAFLFLD
CYCPEPTMPDB_PAMPA_001690,-8.0,-8.009704321110096,test,1,Chem+Site,svr,ALLPG
CYCPEPTMPDB_PAMPA_000323,-4.74,-4.871458174755501,test,1,Chem+Site,svr,AVILTFLFLD
CYCPEPTMPDB_PAMPA_001252,-6.05,-6.291953931849399,test,1,Chem+Site,svr,FLLP
CYCPEPTMPDB_PAMPA_001298,-5.3,-5.56927193062109,test,1,Chem+Site,svr,ALLP
CYCPEPTMPDB_PAMPA_005088,-5.03,-5.2703986232468285,test,1,Chem+Site,svr,PALGPLF
CYCPEPTMPDB_PAMPA_006620,-5.41,-5.133329477872138,test,1,Chem+Site,svr,PLTFFAALP
CYCPEPTMPDB_PAMPA_005883,-5.09,-5.411683832574563,test,1,Chem+Site,svr,PLTLLLALP
CYCPEPTMPDB_PAMPA_000173,-5.85,-5.009581981001261,test,1,Chem+Site,svr,ATFIALFLLDFA
CYCPEPTMPDB_PAMPA_003417,-10.0,-5.837534495604816,test,1,Chem+Site,svr,PALLPLF
CYCPEPTMPDB_PAMPA_004678,-5.54,-5.552390195031371,test,1,Chem+Site,svr,PFLLPLF
CYCPEPTMPDB_PAMPA_002846,-4.78,-4.9277028805406795,test,1,Chem+Site,svr,ALLPLF
CYCPEPTMPDB_PAMPA_006630,-5.52,-5.544223862947435,test,1,Chem+Site,svr,PLTFLFALP
CYCPEPTMPDB_PAMPA_002991,-6.39,-6.099793073560671,test,1,Chem+Site,svr,ALLPLF
CYCPEPTMPDB_PAMPA_000189,-6.92,-6.321493715380415,test,1,Chem+Site,svr,VVLTFLGVFDFFA
CYCPEPTMPDB_PAMPA_004945,-5.54,-6.112951632297782,test,1,Chem+Site,svr,PALLPLF
CYCPEPTMPDB_PAMPA_001389,-5.05,-5.261583241009542,test,1,Chem+Site,svr,LLLP
CYCPEPTMPDB_PAMPA_004806,-5.21,-5.797747095118019,test,1,Chem+Site,svr,PGLLPGF
CYCPEPTMPDB_PAMPA_000944,-4.96,-5.1922051111309,test,1,Chem+Site,svr,PLLLL
CYCPEPTMPDB_PAMPA_003553,-5.08,-5.2731542656034165,test,1,Chem+Site,svr,PALLPGF
CYCPEPTMPDB_PAMPA_002267,-5.73,-5.2692985782575645,test,1,Chem+Site,svr,GLLPLF
CYCPEPTMPDB_PAMPA_004850,-5.33,-6.054373937602627,test,1,Chem+Site,svr,PFLLPLF
CYCPEPTMPDB_PAMPA_002655,-5.5,-5.41389694499103,test,1,Chem+Site,svr,ALLPLF
CYCPEPTMPDB_PAMPA_005492,-6.52,-6.138820901753797,test,1,Chem+Site,svr,PLTLLLALP
CYCPEPTMPDB_PAMPA_001163,-8.59,-7.488097507253913,test,1,Chem+Site,svr,FGLLPG
CYCPEPTMPDB_PAMPA_000618,-4.82,-4.9348186257508635,test,1,Chem+Site,svr,FTASLD
CYCPEPTMPDB_PAMPA_003542,-6.25,-6.361460022164422,test,1,Chem+Site,svr,PALFPLF
CYCPEPTMPDB_PAMPA_002465,-5.37,-5.36970106912194,test,1,Chem+Site,svr,ALLPLF
CYCPEPTMPDB_PAMPA_006213,-5.93,-5.968862838688967,test,1,Chem+Site,svr,PLTLLLALP
CYCPEPTMPDB_PAMPA_005936,-7.06,-6.131186155978278,test,1,Chem+Site,svr,PLTLLLALP
CYCPEPTMPDB_PAMPA_005098,-7.0,-6.839867332820733,test,1,Chem+Site,svr,ALFG
CYCPEPTMPDB_PAMPA_005929,-5.07,-5.609910113951343,test,1,Chem+Site,svr,PLTLLLALP
CYCPEPTMPDB_PAMPA_001948,-6.48,-6.353071866878568,test,1,Chem+Site,svr,LPLAFPLA
CYCPEPTMPDB_PAMPA_003550,-6.08,-6.347222660415094,test,1,Chem+Site,svr,PALFPLF
CYCPEPTMPDB_PAMPA_005803,-6.6,-6.8501424625186145,test,1,Chem+Site,svr,PLTLLLALP
CYCPEPTMPDB_PAMPA_003083,-5.63,-5.527246924053531,test,1,Chem+Site,svr,PGLLPLF
CYCPEPTMPDB_PAMPA_003290,-5.45,-5.61523190963346,test,1,Chem+Site,svr,PALGPLF
CYCPEPTMPDB_PAMPA_005886,-6.92,-6.958171002977059,test,1,Chem+Site,svr,PLTLLLALP
CYCPEPTMPDB_PAMPA_002330,-5.28,-5.55495956995327,test,1,Chem+Site,svr,GLGPGF
CYCPEPTMPDB_PAMPA_001230,-5.28,-5.29760669110806,test,1,Chem+Site,svr,FGLLP
CYCPEPTMPDB_PAMPA_000772,-4.85,-4.768737088920345,test,1,Chem+Site,svr,FLIAFTAL
CYCPEPTMPDB_PAMPA_000720,-5.0,-4.603018633004936,test,1,Chem+Site,svr,VFLILFTALA
CYCPEPTMPDB_PAMPA_005757,-5.75,-5.444447843982478,test,1,Chem+Site,svr,PLTLLLALP
CYCPEPTMPDB_PAMPA_003359,-5.86,-6.145486737804506,test,1,Chem+Site,svr,PALGPLF
CYCPEPTMPDB_PAMPA_002301,-4.82,-4.675284901250041,test,1,Chem+Site,svr,GLLPLF
CYCPEPTMPDB_PAMPA_002225,-6.11,-5.620922895437838,test,1,Chem+Site,svr,GLGPLF
CYCPEPTMPDB_PAMPA_005142,-4.6,-5.369139435245403,test,1,Chem+Site,svr,FLLLL
CYCPEPTMPDB_PAMPA_001698,-5.42,-5.199532748758694,test,1,Chem+Site,svr,AGLLP
CYCPEPTMPDB_PAMPA_001650,-7.17,-6.436186624859558,test,1,Chem+Site,svr,FGLLP
CYCPEPTMPDB_PAMPA_000929,-5.22,-6.03254103861026,test,1,Chem+Site,svr,FAFLY
CYCPEPTMPDB_PAMPA_005558,-5.94,-6.355172748825718,test,1,Chem+Site,svr,PLTLLLALP
CYCPEPTMPDB_PAMPA_001215,-6.42,-6.752265140025189,test,1,Chem+Site,svr,AGLLP
CYCPEPTMPDB_PAMPA_000706,-4.6,-4.9978061678374255,test,1,Chem+Site,svr,ATGFFLPLAVA
CYCPEPTMPDB_PAMPA_003525,-6.09,-6.009613551433037,test,1,Chem+Site,svr,PALGPLF
CYCPEPTMPDB_PAMPA_001708,-7.19,-7.0950905116257585,test,1,Chem+Site,svr,ALLPG
CYCPEPTMPDB_PAMPA_006327,-4.93,-5.102849593030421,test,1,Chem+Site,svr,PTLLLLALP
CYCPEPTMPDB_PAMPA_003399,-4.0,-6.449348552804994,test,1,Chem+Site,svr,PALLPLF
CYCPEPTMPDB_PAMPA_004067,-5.92,-6.3170125874562855,test,1,Chem+Site,svr,PALLPLF
CYCPEPTMPDB_PAMPA_003977,-10.0,-6.3724501652359,test,1,Chem+Site,svr,PALLPLF
CYCPEPTMPDB_PAMPA_005246,-5.24,-5.271738389805906,test,1,Chem+Site,svr,PLTLLLALP
CYCPEPTMPDB_PAMPA_007144,-6.141601573,-6.316265707963272,test,1,Chem+Site,svr,VGLPALAL
CYCPEPTMPDB_PAMPA_002218,-5.43,-5.456894970583157,test,1,Chem+Site,svr,GLGPLF
CYCPEPTMPDB_PAMPA_001082,-5.47,-5.5660346023948115,test,1,Chem+Site,svr,FLLPG
CYCPEPTMPDB_PAMPA_006897,-6.71,-6.84062094482136,test,1,Chem+Site,svr,PPLLAL
CYCPEPTMPDB_PAMPA_000021,-6.25,-6.016256379733393,test,1,Chem+Site,svr,AALVLFFPITGD
CYCPEPTMPDB_PAMPA_000184,-4.66,-4.77536063650911,test,1,Chem+Site,svr,ATGLVFAFDFA
CYCPEPTMPDB_PAMPA_000100,-6.35,-4.5681287790042875,test,1,Chem+Site,svr,ALFLLFITFD
CYCPEPTMPDB_PAMPA_006919,-5.98,-5.517667782639371,test,1,Chem+Site,svr,PLPLFL
CYCPEPTMPDB_PAMPA_002279,-4.99,-5.006415053676431,test,1,Chem+Site,svr,GLLPLF
CYCPEPTMPDB_PAMPA_005389,-6.75,-6.113878134440062,test,1,Chem+Site,svr,PLTLLLALP
CYCPEPTMPDB_PAMPA_001000,-5.64,-6.0427760039293545,test,1,Chem+Site,svr,LLLLPY
CYCPEPTMPDB_PAMPA_006789,-5.67,-5.286620124659296,test,1,Chem+Site,svr,LFPLALLAFP
CYCPEPTMPDB_PAMPA_000309,-4.36,-4.860395108204551,test,1,Chem+Site,svr,ALATFLLFLID
CYCPEPTMPDB_PAMPA_001305,-6.22,-6.164295257690546,test,1,Chem+Site,svr,ALLP
CYCPEPTMPDB_PAMPA_003838,-10.0,-6.7016992133217865,test,1,Chem+Site,svr,PALFPLF
CYCPEPTMPDB_PAMPA_005775,-5.6,-5.423837259251181,test,1,Chem+Site,svr,PLTLLLALP
CYCPEPTMPDB_PAMPA_005370,-5.78,-5.744343677661506,test,1,Chem+Site,svr,PLTLLLALP
CYCPEPTMPDB_PAMPA_000586,-4.31,-4.557616821361717,test,1,Chem+Site,svr,LAALLLSLGLA
CYCPEPTMPDB_PAMPA_003076,-6.05,-6.067857546908564,test,1,Chem+Site,svr,PGLLPLF
CYCPEPTMPDB_PAMPA_001938,-5.3,-5.616423652643308,test,1,Chem+Site,svr,LPLAGFPLAG
CYCPEPTMPDB_PAMPA_005026,-10.0,-6.987841935354558,test,1,Chem+Site,svr,PALFPLF
CYCPEPTMPDB_PAMPA_005346,-6.24,-5.76058939152417,test,1,Chem+Site,svr,PLTLLLALP
CYCPEPTMPDB_PAMPA_006126,-5.62,-5.555727235407019,test,1,Chem+Site,svr,PLTLLLALP
CYCPEPTMPDB_PAMPA_003806,-5.78,-5.681764689376162,test,1,Chem+Site,svr,PALLPLF
CYCPEPTMPDB_PAMPA_006512,-7.47,-6.9846330315122795,test,1,Chem+Site,svr,TPLLLLALP
CYCPEPTMPDB_PAMPA_003854,-6.18,-6.120709695678546,test,1,Chem+Site,svr,PALFPLF
CYCPEPTMPDB_PAMPA_001806,-5.09,-4.6627853367742045,test,1,Chem+Site,svr,LLLLPA
CYCPEPTMPDB_PAMPA_002355,-5.88,-5.971056256293919,test,1,Chem+Site,svr,ALLPLF
CYCPEPTMPDB_PAMPA_004015,-5.65,-5.471525638155511,test,1,Chem+Site,svr,PALLPLF
CYCPEPTMPDB_PAMPA_003470,-6.44,-6.61380514327329,test,1,Chem+Site,svr,PALFPGF
CYCPEPTMPDB_PAMPA_003222,-5.63,-6.092092165618918,test,1,Chem+Site,svr,PAGFPLF
CYCPEPTMPDB_PAMPA_007192,-6.011218011,-6.70745512951078,test,1,Chem+Site,svr,VGLPALAL
CYCPEPTMPDB_PAMPA_000473,-4.62,-4.770240460827375,test,1,Chem+Site,svr,AFTALGLALD
CYCPEPTMPDB_PAMPA_005818,-6.85,-6.48691140649418,test,1,Chem+Site,svr,PLTLLLALP
CYCPEPTMPDB_PAMPA_003773,-10.0,-5.53934913344638,test,1,Chem+Site,svr,PALFPLF
CYCPEPTMPDB_PAMPA_006525,-5.61,-5.5787195905652,test,1,Chem+Site,svr,TPLLLLALP
CYCPEPTMPDB_PAMPA_004755,-10.0,-6.012720012438762,test,1,Chem+Site,svr,PFLFPGF
CYCPEPTMPDB_PAMPA_003712,-5.81,-5.6500506867771625,test,1,Chem+Site,svr,PALLPLF
CYCPEPTMPDB_PAMPA_001396,-5.71,-5.671603520340047,test,1,Chem+Site,svr,LLLP
CYCPEPTMPDB_PAMPA_005659,-6.69,-6.213978453801445,test,1,Chem+Site,svr,PLTLLLALP
CYCPEPTMPDB_PAMPA_006946,-5.13,-5.717754874850225,test,1,Chem+Site,svr,LLLPYL
CYCPEPTMPDB_PAMPA_000516,-4.68,-5.088592338527137,test,1,Chem+Site,svr,FTGSLD
CYCPEPTMPDB_PAMPA_000090,-4.35,-4.532295530345173,test,1,Chem+Site,svr,ALLFAFITGLD
CYCPEPTMPDB_PAMPA_000299,-4.52,-4.467314927064822,test,1,Chem+Site,svr,AAFLTGLVDFFA
CYCPEPTMPDB_PAMPA_000903,-6.39,-6.098196388498847,test,1,Chem+Site,svr,AGLVLAALLVT
CYCPEPTMPDB_PAMPA_004184,-5.88,-5.730345796716192,test,1,Chem+Site,svr,PALLPGF
CYCPEPTMPDB_PAMPA_005642,-5.43,-5.489679648766329,test,1,Chem+Site,svr,PLTLLLALP
CYCPEPTMPDB_PAMPA_003688,-5.47,-5.837534495604816,test,1,Chem+Site,svr,PALLPLF
CYCPEPTMPDB_PAMPA_002462,-6.47,-5.27507499626969,test,1,Chem+Site,svr,ALLPLF
CYCPEPTMPDB_PAMPA_002161,-5.39,-5.339885624177117,test,1,Chem+Site,svr,FLLPGF
CYCPEPTMPDB_PAMPA_005944,-5.05,-5.319951443182264,test,1,Chem+Site,svr,PLTLLLALP
CYCPEPTMPDB_PAMPA_003870,-10.0,-5.913944129274324,test,1,Chem+Site,svr,PALFPLF
CYCPEPTMPDB_PAMPA_005022,-10.0,-6.485117301158922,test,1,Chem+Site,svr,PALLPGF
CYCPEPTMPDB_PAMPA_002144,-5.81,-5.526625836890097,test,1,Chem+Site,svr,FLGPLF
CYCPEPTMPDB_PAMPA_002632,-6.61,-6.06281409417214,test,1,Chem+Site,svr,ALLPLF
CYCPEPTMPDB_PAMPA_000037,-4.7,-5.706622214211939,test,1,Chem+Site,svr,ATLPFFVALDI
CYCPEPTMPDB_PAMPA_006065,-5.29,-5.768968700315246,test,1,Chem+Site,svr,PLTLLLALP
CYCPEPTMPDB_PAMPA_003990,-6.16,-6.358539392948579,test,1,Chem+Site,svr,PALLPLF
CYCPEPTMPDB_PAMPA_006821,-6.04,-5.9003413103404565,test,1,Chem+Site,svr,LFLPLIPPAV
CYCPEPTMPDB_PAMPA_005326,-6.04,-5.717878584744577,test,1,Chem+Site,svr,PLTLLLALP
CYCPEPTMPDB_PAMPA_006346,-6.33,-6.453415556828098,test,1,Chem+Site,svr,PTLLLLALP
CYCPEPTMPDB_PAMPA_002210,-5.1,-5.156507581142575,test,1,Chem+Site,svr,GLLPLF
CYCPEPTMPDB_PAMPA_002509,-6.22,-5.803403757854082,test,1,Chem+Site,svr,ALGPGF
CYCPEPTMPDB_PAMPA_005931,-5.56,-5.738418112132506,test,1,Chem+Site,svr,PLTLLLALP
CYCPEPTMPDB_PAMPA_004383,-5.91,-6.142990678946001,test,1,Chem+Site,svr,PALGPGF
CYCPEPTMPDB_PAMPA_001492,-6.76,-7.1263217264534715,test,1,Chem+Site,svr,ALLPG
CYCPEPTMPDB_PAMPA_006936,-10.0,-6.034671891407164,test,1,Chem+Site,svr,PFWRQF
CYCPEPTMPDB_PAMPA_000375,-5.35,-4.616446126679106,test,1,Chem+Site,svr,AAFVGTAVLDFFA
CYCPEPTMPDB_PAMPA_004923,-7.08,-6.259593269876349,test,1,Chem+Site,svr,PALLPLF
CYCPEPTMPDB_PAMPA_001418,-6.67,-5.790324211827634,test,1,Chem+Site,svr,ALLP
CYCPEPTMPDB_PAMPA_006675,-5.83,-5.792345561162152,test,1,Chem+Site,svr,PLTVFFALP
CYCPEPTMPDB_PAMPA_004630,-5.39,-5.571679600103243,test,1,Chem+Site,svr,PGLLPGF
CYCPEPTMPDB_PAMPA_005075,-5.32,-5.5359982753905985,test,1,Chem+Site,svr,PAGLPLF
CYCPEPTMPDB_PAMPA_004151,-5.32,-5.583853566684795,test,1,Chem+Site,svr,PALLPLF
CYCPEPTMPDB_PAMPA_005132,-7.18,-6.858956026039645,test,1,Chem+Site,svr,GLF
CYCPEPTMPDB_PAMPA_003020,-6.04,-5.628514823253129,test,1,Chem+Site,svr,AGLPLF
CYCPEPTMPDB_PAMPA_006577,-6.85,-6.750958541744553,test,1,Chem+Site,svr,PLTFYFALP
CYCPEPTMPDB_PAMPA_001267,-5.94,-5.679305417970712,test,1,Chem+Site,svr,FGLLPG
CYCPEPTMPDB_PAMPA_004553,-6.14,-6.279082118500173,test,1,Chem+Site,svr,PFLFPLF
CYCPEPTMPDB_PAMPA_001746,-5.3,-6.015295213154019,test,1,Chem+Site,svr,SLFF
CYCPEPTMPDB_PAMPA_003956,-6.69,-5.938516589601898,test,1,Chem+Site,svr,PGLFPLF
CYCPEPTMPDB_PAMPA_001221,-5.27,-5.422806615307721,test,1,Chem+Site,svr,LGLLP
CYCPEPTMPDB_PAMPA_006905,-5.05,-5.657850265201891,test,1,Chem+Site,svr,PPFLLL
CYCPEPTMPDB_PAMPA_001248,-5.84,-6.073143106716691,test,1,Chem+Site,svr,FLLP
CYCPEPTMPDB_PAMPA_002037,-5.0,-5.209427596977489,test,1,Chem+Site,svr,FLLPLF
CYCPEPTMPDB_PAMPA_001522,-5.44,-5.699553278232624,test,1,Chem+Site,svr,FLLP
CYCPEPTMPDB_PAMPA_002222,-4.83,-5.029817500715413,test,1,Chem+Site,svr,GLLPLF
CYCPEPTMPDB_PAMPA_001511,-5.84,-5.300999186165272,test,1,Chem+Site,svr,AGLLP
CYCPEPTMPDB_PAMPA_003011,-5.4,-5.665507969520097,test,1,Chem+Site,svr,ALLPLF
CYCPEPTMPDB_PAMPA_004860,-5.56,-5.541923659615688,test,1,Chem+Site,svr,PFLLPLF
CYCPEPTMPDB_PAMPA_000145,-4.59,-4.597626606386276,test,1,Chem+Site,svr,GAFLLFTAD
CYCPEPTMPDB_PAMPA_007077,-10.0,-6.429705013475629,test,1,Chem+Site,svr,AALPGLAL
CYCPEPTMPDB_PAMPA_005210,-5.4,-5.468160378906579,test,1,Chem+Site,svr,PLTLLLALP
CYCPEPTMPDB_PAMPA_002771,-5.16,-5.327426615894712,test,1,Chem+Site,svr,ALLPGF
CYCPEPTMPDB_PAMPA_004635,-6.59,-6.5006725585613765,test,1,Chem+Site,svr,PGLFPLF
CYCPEPTMPDB_PAMPA_005179,-6.94,-6.381967090435332,test,1,Chem+Site,svr,PLTLLLALP
CYCPEPTMPDB_PAMPA_001481,-5.5,-5.703384094017823,test,1,Chem+Site,svr,AGLLP
CYCPEPTMPDB_PAMPA_006746,-6.08,-5.738229126983674,test,1,Chem+Site,svr,LPLALPLA
CYCPEPTMPDB_PAMPA_001484,-4.92,-5.028745108656881,test,1,Chem+Site,svr,FGLLP
CYCPEPTMPDB_PAMPA_005935,-5.62,-5.252699915354854,test,1,Chem+Site,svr,PLTLLLALP
CYCPEPTMPDB_PAMPA_001662,-4.9,-5.096401003876651,test,1,Chem+Site,svr,AGLLP
CYCPEPTMPDB_PAMPA_004942,-5.83,-6.043569692628109,test,1,Chem+Site,svr,PALLPLF
CYCPEPTMPDB_PAMPA_006052,-5.49,-5.537318488828687,test,1,Chem+Site,svr,PLTLLLALP
CYCPEPTMPDB_PAMPA_000466,-5.43,-5.062411921711973,test,1,Chem+Site,svr,AALAFTGFLAD
CYCPEPTMPDB_PAMPA_000117,-4.41,-4.570069589735002,test,1,Chem+Site,svr,VIFVALFTGLAD
CYCPEPTMPDB_PAMPA_005565,-5.38,-5.784297557536823,test,1,Chem+Site,svr,PLTLLLALP
CYCPEPTMPDB_PAMPA_007258,-6.796537103,-6.369801479601325,test,1,Chem+Site,svr,LAFPVFAL
CYCPEPTMPDB_PAMPA_004525,-6.25,-5.778093226592345,test,1,Chem+Site,svr,PFLLPGF
CYCPEPTMPDB_PAMPA_003086,-6.15,-5.56148995510011,test,1,Chem+Site,svr,PGLLPLF
CYCPEPTMPDB_PAMPA_001423,-5.38,-5.801372122930192,test,1,Chem+Site,svr,ALLP
CYCPEPTMPDB_PAMPA_004141,-5.91,-5.84486391235223,test,1,Chem+Site,svr,PALLPLF
CYCPEPTMPDB_PAMPA_005327,-5.99,-5.861307363183976,test,1,Chem+Site,svr,PLTLLLALP
CYCPEPTMPDB_PAMPA_002736,-5.11,-5.398167840348104,test,1,Chem+Site,svr,ALLPLF
CYCPEPTMPDB_PAMPA_006558,-5.4,-5.422553247882724,test,1,Chem+Site,svr,TPLLLLALP
CYCPEPTMPDB_PAMPA_004389,-5.81,-6.418009773034162,test,1,Chem+Site,svr,PALFPGF
CYCPEPTMPDB_PAMPA_001732,-6.15,-5.777360370101843,test,1,Chem+Site,svr,FLLPG
CYCPEPTMPDB_PAMPA_006552,-5.47,-5.2294020172429025,test,1,Chem+Site,svr,TPLLLLALP
CYCPEPTMPDB_PAMPA_005122,-5.92,-5.969039524699283,test,1,Chem+Site,svr,AGF
CYCPEPTMPDB_PAMPA_000397,-4.54,-4.764646787211732,test,1,Chem+Site,svr,ALTFGALILLD
CYCPEPTMPDB_PAMPA_003117,-6.36,-5.456320676495072,test,1,Chem+Site,svr,PGLLPGF
CYCPEPTMPDB_PAMPA_002095,-4.84,-5.909528038067485,test,1,Chem+Site,svr,FLLPLF
CYCPEPTMPDB_PAMPA_000577,-4.44,-4.607525582050959,test,1,Chem+Site,svr,VALLFFLALQD
CYCPEPTMPDB_PAMPA_000551,-4.6,-4.911984438924763,test,1,Chem+Site,svr,ALFTGAVALLDIF
CYCPEPTMPDB_PAMPA_004745,-5.5,-5.791243853699764,test,1,Chem+Site,svr,PFLLPGF
CYCPEPTMPDB_PAMPA_003497,-5.69,-5.542132326385892,test,1,Chem+Site,svr,PALLPLF
CYCPEPTMPDB_PAMPA_005736,-5.49,-5.2313356138805105,test,1,Chem+Site,svr,PLTLLLALP
CYCPEPTMPDB_PAMPA_002398,-5.56,-5.810060062358303,test,1,Chem+Site,svr,ALLPGF
CYCPEPTMPDB_PAMPA_000713,-4.43,-4.61590217729669,test,1,Chem+Site,svr,AFLLTGASFVA
CYCPEPTMPDB_PAMPA_002980,-5.64,-5.814065443641304,test,1,Chem+Site,svr,ALFPGF
CYCPEPTMPDB_PAMPA_005057,-5.51,-5.390070196090642,test,1,Chem+Site,svr,PALLPLF
CYCPEPTMPDB_PAMPA_001284,-6.11,-6.87807413007861,test,1,Chem+Site,svr,FLLPG
CYCPEPTMPDB_PAMPA_000295,-4.32,-4.769654581551657,test,1,Chem+Site,svr,ATAVGFLFDFA
CYCPEPTMPDB_PAMPA_001765,-5.4,-4.9222500983530235,test,1,Chem+Site,svr,LLAALLPY
CYCPEPTMPDB_PAMPA_001081,-5.38,-5.758631924515642,test,1,Chem+Site,svr,FGLLPG
CYCPEPTMPDB_PAMPA_001184,-6.67,-6.2268991842164185,test,1,Chem+Site,svr,ALLP
CYCPEPTMPDB_PAMPA_001350,-7.41,-5.914617179949491,test,1,Chem+Site,svr,FGLLP
CYCPEPTMPDB_PAMPA_002310,-4.83,-4.757381532471382,test,1,Chem+Site,svr,GLLPLF
CYCPEPTMPDB_PAMPA_003510,-5.04,-5.259628138285299,test,1,Chem+Site,svr,PALLPLF
CYCPEPTMPDB_PAMPA_005703,-7.6,-7.043216435319135,test,1,Chem+Site,svr,PLTLLLALP
CYCPEPTMPDB_PAMPA_003190,-5.91,-6.025344732695405,test,1,Chem+Site,svr,PALLPGF
CYCPEPTMPDB_PAMPA_002528,-6.58,-5.83445058790681,test,1,Chem+Site,svr,ALLPLF
CYCPEPTMPDB_PAMPA_006781,-6.62,-6.182448844642048,test,1,Chem+Site,svr,PALLPFLVP
CYCPEPTMPDB_PAMPA_004445,-5.17,-5.215952746053165,test,1,Chem+Site,svr,PFLLPLF
CYCPEPTMPDB_PAMPA_003988,-6.08,-6.194109295120072,test,1,Chem+Site,svr,PALLPLF
CYCPEPTMPDB_PAMPA_002064,-6.19,-5.455953154470372,test,1,Chem+Site,svr,FLLPGF
CYCPEPTMPDB_PAMPA_007212,-6.342776851,-6.2477923121694126,test,1,Chem+Site,svr,AGLAALAL
CYCPEPTMPDB_PAMPA_003586,-5.58,-5.526649238999204,test,1,Chem+Site,svr,PAGFPLF
CYCPEPTMPDB_PAMPA_002810,-5.75,-5.510810569925784,test,1,Chem+Site,svr,ALFPGF
CYCPEPTMPDB_PAMPA_006131,-5.7,-5.521609777702154,test,1,Chem+Site,svr,PLTLLLALP
CYCPEPTMPDB_PAMPA_003397,-5.79,-6.23371048666257,test,1,Chem+Site,svr,PALLPLF
CYCPEPTMPDB_PAMPA_004167,-5.8,-5.39610430906122,test,1,Chem+Site,svr,PALLPLF
CYCPEPTMPDB_PAMPA_003523,-4.95,-5.073357505396034,test,1,Chem+Site,svr,PALLPLF
CYCPEPTMPDB_PAMPA_001916,-5.55,-6.060918319422732,test,1,Chem+Site,svr,LPGLAAPGLA
CYCPEPTMPDB_PAMPA_006275,-5.4,-5.308840871812022,test,1,Chem+Site,svr,PTLLLLALP
CYCPEPTMPDB_PAMPA_005940,-5.44,-5.352034673320953,test,1,Chem+Site,svr,PLTLLLALP
CYCPEPTMPDB_PAMPA_001157,-6.82,-6.171987684342634,test,1,Chem+Site,svr,FGLLPG
CYCPEPTMPDB_PAMPA_006455,-5.47,-5.427456821339871,test,1,Chem+Site,svr,PTLLLLALP
CYCPEPTMPDB_PAMPA_007045,-6.801366448,-6.333356676852391,test,1,Chem+Site,svr,AALAGLAL
CYCPEPTMPDB_PAMPA_001513,-5.49,-5.1900641033211095,test,1,Chem+Site,svr,AGLLP
CYCPEPTMPDB_PAMPA_001654,-7.39,-7.640477002826034,test,1,Chem+Site,svr,ALLPG
CYCPEPTMPDB_PAMPA_006911,-7.5,-7.248600965400124,test,1,Chem+Site,svr,PAPLLL
CYCPEPTMPDB_PAMPA_002677,-4.99,-5.116552355709563,test,1,Chem+Site,svr,ALLPLF
CYCPEPTMPDB_PAMPA_000033,-4.8,-4.8957650651643085,test,1,Chem+Site,svr,AAFLTGLSD
CYCPEPTMPDB_PAMPA_004674,-5.17,-5.748860930050895,test,1,Chem+Site,svr,PFLLPLF
CYCPEPTMPDB_PAMPA_001381,-6.58,-5.995817109139326,test,1,Chem+Site,svr,LGLLP
CYCPEPTMPDB_PAMPA_000711,-4.34,-5.193479831847808,test,1,Chem+Site,svr,VILALFTFLAA
CYCPEPTMPDB_PAMPA_005714,-5.93,-6.650635237401487,test,1,Chem+Site,svr,PLTLLLALP
CYCPEPTMPDB_PAMPA_003647,-5.17,-5.3703830663042265,test,1,Chem+Site,svr,PAGLPLF
CYCPEPTMPDB_PAMPA_006690,-5.9,-4.5783911320287185,test,1,Chem+Site,svr,LALAFLALAF
CYCPEPTMPDB_PAMPA_005170,-5.98,-5.935653730281743,test,1,Chem+Site,svr,PLTLLLALP
CYCPEPTMPDB_PAMPA_002546,-5.3,-5.822589877148364,test,1,Chem+Site,svr,ALLPLF
CYCPEPTMPDB_PAMPA_001292,-7.99,-8.066153198362805,test,1,Chem+Site,svr,FLLPG
CYCPEPTMPDB_PAMPA_004535,-5.4,-5.2996682608409245,test,1,Chem+Site,svr,PFLLPLF
CYCPEPTMPDB_PAMPA_001242,-5.76,-5.9719271795049425,test,1,Chem+Site,svr,FLLP
CYCPEPTMPDB_PAMPA_002985,-5.45,-5.556406853895402,test,1,Chem+Site,svr,ALFPGF
CYCPEPTMPDB_PAMPA_001134,-6.08,-6.459376053410866,test,1,Chem+Site,svr,AGLLPG
CYCPEPTMPDB_PAMPA_006624,-5.58,-5.5178511280651525,test,1,Chem+Site,svr,PLTFLFALP
CYCPEPTMPDB_PAMPA_006776,-7.48,-6.412043200869065,test,1,Chem+Site,svr,LPPAPPLAL
CYCPEPTMPDB_PAMPA_003264,-6.25,-6.418115519019911,test,1,Chem+Site,svr,PALLPGF
CYCPEPTMPDB_PAMPA_001672,-7.68,-7.302555143314941,test,1,Chem+Site,svr,ALLPG
CYCPEPTMPDB_PAMPA_000383,-6.05,-4.97834595783125,test,1,Chem+Site,svr,AFTALLIVDFFA
CYCPEPTMPDB_PAMPA_002882,-5.07,-5.112281679882284,test,1,Chem+Site,svr,ALGPLF
CYCPEPTMPDB_PAMPA_000455,-4.68,-4.573695897845743,test,1,Chem+Site,svr,AALTGFLFLAD
CYCPEPTMPDB_PAMPA_004629,-5.19,-5.589239375213171,test,1,Chem+Site,svr,PGLLPGF
CYCPEPTMPDB_PAMPA_003727,-6.03,-5.576288287859864,test,1,Chem+Site,svr,PALLPLF
CYCPEPTMPDB_PAMPA_006619,-5.59,-5.377854186445839,test,1,Chem+Site,svr,PLTFAFALP
CYCPEPTMPDB_PAMPA_004487,-5.23,-5.578364319705581,test,1,Chem+Site,svr,PFLFPLF
CYCPEPTMPDB_PAMPA_003334,-5.31,-6.0475665056273895,test,1,Chem+Site,svr,PALLPLF
CYCPEPTMPDB_PAMPA_003433,-5.01,-5.566904816547693,test,1,Chem+Site,svr,PALLPLF
CYCPEPTMPDB_PAMPA_004443,-6.27,-5.921245560446265,test,1,Chem+Site,svr,PFLLPGF
CYCPEPTMPDB_PAMPA_003078,-5.82,-5.904939562856579,test,1,Chem+Site,svr,PGLLPLF
CYCPEPTMPDB_PAMPA_003839,-10.0,-5.854638172920825,test,1,Chem+Site,svr,PALLPGF
CYCPEPTMPDB_PAMPA_003951,-5.26,-5.493391167514187,test,1,Chem+Site,svr,PGGLPLF
CYCPEPTMPDB_PAMPA_001424,-6.66,-5.891551122002738,test,1,Chem+Site,svr,ALLP
CYCPEPTMPDB_PAMPA_004382,-7.46,-6.517186995560484,test,1,Chem+Site,svr,PAGGPLF
CYCPEPTMPDB_PAMPA_001799,-5.32,-6.017670223978306,test,1,Chem+Site,svr,KNSYF
CYCPEPTMPDB_PAMPA_004009,-10.0,-6.8141946973094525,test,1,Chem+Site,svr,PALGPLF
CYCPEPTMPDB_PAMPA_007204,-7.256712707,-7.425825958834646,test,1,Chem+Site,svr,VGLPALAL
CYCPEPTMPDB_PAMPA_005837,-5.84,-6.537441478758973,test,1,Chem+Site,svr,PLTLLLALP
CYCPEPTMPDB_PAMPA_005253,-5.3,-5.19698934073935,test,1,Chem+Site,svr,PLTLLLALP
CYCPEPTMPDB_PAMPA_006434,-5.12,-5.168338033300579,test,1,Chem+Site,svr,PTLLLLALP
CYCPEPTMPDB_PAMPA_001287,-10.0,-9.315651323774627,test,1,Chem+Site,svr,FGLLPG
CYCPEPTMPDB_PAMPA_005442,-5.77,-5.963224375565622,test,1,Chem+Site,svr,PLTLLLALP
CYCPEPTMPDB_PAMPA_001097,-4.93,-5.0248091312340115,test,1,Chem+Site,svr,AGLLPG
CYCPEPTMPDB_PAMPA_006112,-6.09,-6.159383902442645,test,1,Chem+Site,svr,PLTLLLALP
CYCPEPTMPDB_PAMPA_002264,-5.92,-6.070192956020764,test,1,Chem+Site,svr,GGGPGF
CYCPEPTMPDB_PAMPA_003395,-10.0,-6.65701847055288,test,1,Chem+Site,svr,PALLPLF
CYCPEPTMPDB_PAMPA_001845,-5.09,-5.061415488834183,test,1,Chem+Site,svr,LAFFPY
CYCPEPTMPDB_PAMPA_005042,-5.82,-6.0059836697520685,test,1,Chem+Site,svr,PALLPLF
CYCPEPTMPDB_PAMPA_004244,-5.94,-6.142875002066641,test,1,Chem+Site,svr,PALLPGF
